"nrounds","eta","max_depth","gamma","colsample_bytree","min_child_weight","subsample","mean_accuracy","sd_accuracy","Fold01","Fold02","Fold03","Fold04","Fold05","Fold06","Fold07","Fold08","Fold09","Fold10"
1000,0.005,2,0,1,3,0.75,0.783479697380112,0.013367763751576,0.792099792099792,0.775933609958506,0.786307053941909,0.775933609958506,0.786307053941909,0.75103734439834,0.787941787941788,0.798755186721992,0.792099792099792,0.788381742738589
1000,0.005,2,0,1,5,0.75,0.783895497795913,0.0120560211940337,0.792099792099792,0.771784232365145,0.782157676348548,0.771784232365145,0.786307053941909,0.761410788381743,0.787941787941788,0.798755186721992,0.796257796257796,0.79045643153527
1000,0.01,2,0,1,3,0.75,0.808807291172436,0.011664570481269,0.814968814968815,0.79253112033195,0.825726141078838,0.798755186721992,0.811203319502075,0.79045643153527,0.814968814968815,0.809128630705394,0.821205821205821,0.809128630705394
1000,0.01,2,0,1,5,0.75,0.810883273953813,0.0126504822519774,0.823284823284823,0.79045643153527,0.819502074688797,0.800829875518672,0.813278008298755,0.79045643153527,0.810810810810811,0.817427385892116,0.823284823284823,0.819502074688797
1000,0.15,2,0,1,3,0.75,0.831226007367086,0.0108839665189357,0.83991683991684,0.811203319502075,0.836099585062241,0.83195020746888,0.846473029045643,0.823651452282158,0.827442827442827,0.83402489626556,0.841995841995842,0.819502074688797
1000,0.15,2,0,1,5,0.75,0.836212161730834,0.0171138030979185,0.846153846153846,0.815352697095436,0.858921161825726,0.827800829875519,0.842323651452282,0.817427385892116,0.831600831600832,0.838174273858921,0.864864864864865,0.819502074688797
1000,0.005,4,0,1,3,0.75,0.819182029140535,0.0110902243326449,0.825363825363825,0.796680497925311,0.827800829875519,0.815352697095436,0.821576763485477,0.817427385892116,0.804573804573805,0.83195020746888,0.827442827442827,0.823651452282158
1000,0.005,4,0,1,5,0.75,0.82167726296357,0.0131573723465334,0.833679833679834,0.798755186721992,0.829875518672199,0.807053941908714,0.825726141078838,0.815352697095436,0.812889812889813,0.836099585062241,0.837837837837838,0.819502074688797
1000,0.01,4,0,1,3,0.75,0.832885758404431,0.00975307528839749,0.837837837837838,0.819502074688797,0.840248962655602,0.815352697095436,0.838174273858921,0.827800829875519,0.827442827442827,0.840248962655602,0.844074844074844,0.838174273858921
1000,0.01,4,0,1,5,0.75,0.8343406285315,0.0120723697533964,0.841995841995842,0.817427385892116,0.842323651452282,0.815352697095436,0.840248962655602,0.821576763485477,0.833679833679834,0.848547717842324,0.846153846153846,0.836099585062241
1000,0.15,4,0,1,3,0.75,0.834137904262386,0.0140835136913988,0.854469854469854,0.825726141078838,0.838174273858921,0.802904564315353,0.838174273858921,0.83195020746888,0.844074844074844,0.827800829875519,0.846153846153846,0.83195020746888
1000,0.15,4,0,1,5,0.75,0.835795067330337,0.012355068792868,0.846153846153846,0.817427385892116,0.854771784232365,0.819502074688797,0.842323651452282,0.827800829875519,0.837837837837838,0.829875518672199,0.848232848232848,0.83402489626556
1000,0.005,6,0,1,3,0.75,0.822918625615721,0.0136319313918374,0.823284823284823,0.807053941908714,0.838174273858921,0.802904564315353,0.83402489626556,0.815352697095436,0.808731808731809,0.838174273858921,0.835758835758836,0.825726141078838
1000,0.005,6,0,1,5,0.75,0.8270736104761,0.0150268788955573,0.837837837837838,0.802904564315353,0.829875518672199,0.802904564315353,0.83402489626556,0.825726141078838,0.817047817047817,0.846473029045643,0.83991683991684,0.83402489626556
1000,0.01,6,0,1,3,0.75,0.831847982677858,0.0123373852477383,0.837837837837838,0.807053941908714,0.838174273858921,0.819502074688797,0.838174273858921,0.83195020746888,0.825363825363825,0.848547717842324,0.844074844074844,0.827800829875519
1000,0.01,6,0,1,5,0.75,0.835167916080779,0.0151232996423607,0.83991683991684,0.815352697095436,0.844398340248963,0.809128630705394,0.846473029045643,0.840248962655602,0.819126819126819,0.850622406639004,0.85031185031185,0.836099585062241
1000,0.15,6,0,1,3,0.75,0.840984377291431,0.0140644770859476,0.852390852390852,0.823651452282158,0.860995850622407,0.823651452282158,0.844398340248963,0.83195020746888,0.831600831600832,0.846473029045643,0.860706860706861,0.83402489626556
1000,0.15,6,0,1,5,0.75,0.834547666082936,0.0105241574106508,0.844074844074844,0.821576763485477,0.848547717842324,0.817427385892116,0.825726141078838,0.83195020746888,0.837837837837838,0.83402489626556,0.837837837837838,0.846473029045643
1075,0.005,2,0,1,3,0.75,0.787009256303862,0.0135462229173305,0.796257796257796,0.775933609958506,0.784232365145228,0.780082987551867,0.79253112033195,0.757261410788382,0.79002079002079,0.804979253112033,0.798336798336798,0.79045643153527
1075,0.005,2,0,1,5,0.75,0.788669438669439,0.0124382978943064,0.796257796257796,0.775933609958506,0.784232365145228,0.778008298755187,0.794605809128631,0.765560165975104,0.79002079002079,0.804979253112033,0.8004158004158,0.796680497925311
1075,0.01,2,0,1,3,0.75,0.810050810465748,0.010930299351249,0.812889812889813,0.794605809128631,0.829875518672199,0.798755186721992,0.809128630705394,0.796680497925311,0.814968814968815,0.817427385892116,0.817047817047817,0.809128630705394
1075,0.01,2,0,1,5,0.75,0.81358080071773,0.0122634677813443,0.825363825363825,0.79253112033195,0.823651452282158,0.807053941908714,0.819502074688797,0.794605809128631,0.808731808731809,0.819502074688797,0.825363825363825,0.819502074688797
1075,0.15,2,0,1,3,0.75,0.832472114629791,0.0123210545116327,0.85031185031185,0.809128630705394,0.840248962655602,0.836099585062241,0.844398340248963,0.825726141078838,0.831600831600832,0.836099585062241,0.833679833679834,0.817427385892116
1075,0.15,2,0,1,5,0.75,0.837250368785639,0.0165340445860747,0.848232848232848,0.815352697095436,0.860995850622407,0.825726141078838,0.844398340248963,0.819502074688797,0.835758835758836,0.83402489626556,0.862785862785863,0.825726141078838
1075,0.005,4,0,1,3,0.75,0.820843505490808,0.0117346937551907,0.831600831600832,0.798755186721992,0.827800829875519,0.813278008298755,0.823651452282158,0.823651452282158,0.804573804573805,0.83402489626556,0.82952182952183,0.821576763485477
1075,0.005,4,0,1,5,0.75,0.823754539729644,0.0133944686545536,0.83991683991684,0.802904564315353,0.829875518672199,0.807053941908714,0.825726141078838,0.819502074688797,0.814968814968815,0.836099585062241,0.841995841995842,0.819502074688797
1075,0.01,4,0,1,3,0.75,0.834546803426471,0.0109859314842966,0.837837837837838,0.817427385892116,0.844398340248963,0.817427385892116,0.844398340248963,0.829875518672199,0.82952182952183,0.842323651452282,0.848232848232848,0.83402489626556
1075,0.01,4,0,1,5,0.75,0.835171366706636,0.01371543897324,0.846153846153846,0.815352697095436,0.842323651452282,0.815352697095436,0.846473029045643,0.819502074688797,0.833679833679834,0.850622406639004,0.846153846153846,0.836099585062241
1075,0.15,4,0,1,3,0.75,0.835176973973655,0.0148270385215676,0.858627858627859,0.827800829875519,0.836099585062241,0.804979253112033,0.840248962655602,0.829875518672199,0.841995841995842,0.827800829875519,0.852390852390852,0.83195020746888
1075,0.15,4,0,1,5,0.75,0.833926553428628,0.0118242144990547,0.841995841995842,0.815352697095436,0.850622406639004,0.817427385892116,0.840248962655602,0.829875518672199,0.835758835758836,0.829875518672199,0.848232848232848,0.829875518672199
1075,0.005,6,0,1,3,0.75,0.823541463582957,0.0134164147598005,0.823284823284823,0.807053941908714,0.836099585062241,0.802904564315353,0.836099585062241,0.819502074688797,0.810810810810811,0.840248962655602,0.835758835758836,0.823651452282158
1075,0.005,6,0,1,5,0.75,0.82748725425074,0.0153418508053177,0.835758835758836,0.804979253112033,0.83195020746888,0.802904564315353,0.83402489626556,0.825726141078838,0.814968814968815,0.850622406639004,0.837837837837838,0.836099585062241
1075,0.01,6,0,1,3,0.75,0.83309150197117,0.0119039660408306,0.837837837837838,0.809128630705394,0.844398340248963,0.825726141078838,0.838174273858921,0.83402489626556,0.821205821205821,0.848547717842324,0.841995841995842,0.829875518672199
1075,0.01,6,0,1,5,0.75,0.834961741185808,0.0157314327858795,0.83991683991684,0.813278008298755,0.842323651452282,0.809128630705394,0.846473029045643,0.840248962655602,0.819126819126819,0.846473029045643,0.856548856548857,0.836099585062241
1075,0.15,6,0,1,3,0.75,0.838493025422486,0.0123461557332062,0.852390852390852,0.821576763485477,0.854771784232365,0.823651452282158,0.842323651452282,0.829875518672199,0.831600831600832,0.844398340248963,0.852390852390852,0.83195020746888
1075,0.15,6,0,1,5,0.75,0.834548097411168,0.0110532228186403,0.852390852390852,0.823651452282158,0.846473029045643,0.817427385892116,0.823651452282158,0.83195020746888,0.833679833679834,0.836099585062241,0.835758835758836,0.844398340248963
1150,0.005,2,0,1,3,0.75,0.790123877468276,0.0128220752763599,0.804573804573805,0.778008298755187,0.784232365145228,0.784232365145228,0.79253112033195,0.765560165975104,0.79002079002079,0.807053941908714,0.802494802494803,0.79253112033195
1150,0.005,2,0,1,5,0.75,0.79136782808982,0.0123087637892727,0.8004158004158,0.778008298755187,0.79253112033195,0.778008298755187,0.796680497925311,0.769709543568465,0.792099792099792,0.809128630705394,0.8004158004158,0.796680497925311
1150,0.01,2,0,1,3,0.75,0.812541299678229,0.0106690608938054,0.817047817047817,0.794605809128631,0.829875518672199,0.802904564315353,0.813278008298755,0.798755186721992,0.814968814968815,0.819502074688797,0.817047817047817,0.817427385892116
1150,0.01,2,0,1,5,0.75,0.813580369389498,0.0133551894056738,0.825363825363825,0.788381742738589,0.823651452282158,0.809128630705394,0.817427385892116,0.796680497925311,0.804573804573805,0.823651452282158,0.827442827442827,0.819502074688797
1150,0.15,2,0,1,3,0.75,0.833093658612331,0.0120681657701966,0.841995841995842,0.811203319502075,0.842323651452282,0.83195020746888,0.846473029045643,0.825726141078838,0.82952182952183,0.844398340248963,0.83991683991684,0.817427385892116
1150,0.15,2,0,1,5,0.75,0.833723397831282,0.0171991087316284,0.85031185031185,0.813278008298755,0.850622406639004,0.827800829875519,0.842323651452282,0.809128630705394,0.835758835758836,0.827800829875519,0.860706860706861,0.819502074688797
1150,0.005,4,0,1,3,0.75,0.823958126655222,0.0119113221715789,0.831600831600832,0.800829875518672,0.829875518672199,0.811203319502075,0.825726141078838,0.825726141078838,0.814968814968815,0.842323651452282,0.831600831600832,0.825726141078838
1150,0.005,4,0,1,5,0.75,0.82562262230312,0.0140435713628051,0.841995841995842,0.804979253112033,0.829875518672199,0.804979253112033,0.825726141078838,0.819502074688797,0.819126819126819,0.844398340248963,0.83991683991684,0.825726141078838
1150,0.01,4,0,1,3,0.75,0.836621923551384,0.0111322672931749,0.848232848232848,0.823651452282158,0.848547717842324,0.821576763485477,0.850622406639004,0.829875518672199,0.825363825363825,0.840248962655602,0.844074844074844,0.83402489626556
1150,0.01,4,0,1,5,0.75,0.836415748656413,0.0133283418727954,0.846153846153846,0.819502074688797,0.842323651452282,0.813278008298755,0.848547717842324,0.825726141078838,0.831600831600832,0.852697095435685,0.846153846153846,0.838174273858921
1150,0.15,4,0,1,3,0.75,0.83372296650305,0.0142163370128242,0.852390852390852,0.827800829875519,0.83402489626556,0.802904564315353,0.838174273858921,0.829875518672199,0.83991683991684,0.825726141078838,0.852390852390852,0.83402489626556
1150,0.15,4,0,1,5,0.75,0.836417473969341,0.010894129994269,0.846153846153846,0.819502074688797,0.852697095435685,0.821576763485477,0.840248962655602,0.83195020746888,0.837837837837838,0.83195020746888,0.848232848232848,0.83402489626556
1150,0.005,6,0,1,3,0.75,0.824994177068866,0.0123488970801144,0.825363825363825,0.811203319502075,0.836099585062241,0.807053941908714,0.838174273858921,0.821576763485477,0.810810810810811,0.840248962655602,0.835758835758836,0.823651452282158
1150,0.005,6,0,1,5,0.75,0.828109229561512,0.0140267105864786,0.833679833679834,0.804979253112033,0.83402489626556,0.807053941908714,0.836099585062241,0.827800829875519,0.817047817047817,0.848547717842324,0.835758835758836,0.836099585062241
1150,0.01,6,0,1,3,0.75,0.833091933299402,0.0119765196388017,0.837837837837838,0.809128630705394,0.844398340248963,0.823651452282158,0.840248962655602,0.83195020746888,0.823284823284823,0.848547717842324,0.841995841995842,0.829875518672199
1150,0.01,6,0,1,5,0.75,0.835791185376248,0.0148703633319118,0.83991683991684,0.815352697095436,0.844398340248963,0.811203319502075,0.848547717842324,0.838174273858921,0.821205821205821,0.850622406639004,0.852390852390852,0.836099585062241
1150,0.15,6,0,1,3,0.75,0.839738270028726,0.0123923709952886,0.852390852390852,0.823651452282158,0.854771784232365,0.825726141078838,0.844398340248963,0.836099585062241,0.82952182952183,0.844398340248963,0.856548856548857,0.829875518672199
1150,0.15,6,0,1,5,0.75,0.834548097411168,0.0104285476065603,0.85031185031185,0.821576763485477,0.846473029045643,0.823651452282158,0.823651452282158,0.829875518672199,0.833679833679834,0.83195020746888,0.837837837837838,0.846473029045643
1225,0.005,2,0,1,3,0.75,0.792198566264956,0.0127698579643062,0.804573804573805,0.780082987551867,0.786307053941909,0.778008298755187,0.796680497925311,0.773858921161826,0.79002079002079,0.813278008298755,0.802494802494803,0.796680497925311
1225,0.005,2,0,1,5,0.75,0.793652142407329,0.0124883567198962,0.804573804573805,0.780082987551867,0.794605809128631,0.778008298755187,0.796680497925311,0.773858921161826,0.794178794178794,0.811203319502075,0.804573804573805,0.798755186721992
1225,0.01,2,0,1,3,0.75,0.815240120426842,0.00977850232326671,0.819126819126819,0.802904564315353,0.83195020746888,0.809128630705394,0.815352697095436,0.798755186721992,0.814968814968815,0.821576763485477,0.823284823284823,0.815352697095436
1225,0.01,2,0,1,5,0.75,0.814616419803142,0.0135032168129107,0.827442827442827,0.79253112033195,0.827800829875519,0.811203319502075,0.819502074688797,0.798755186721992,0.798336798336798,0.825726141078838,0.825363825363825,0.819502074688797
1225,0.15,2,0,1,3,0.75,0.833509459028131,0.010005056105084,0.846153846153846,0.813278008298755,0.840248962655602,0.838174273858921,0.840248962655602,0.821576763485477,0.831600831600832,0.838174273858921,0.837837837837838,0.827800829875519
1225,0.15,2,0,1,5,0.75,0.833514634966917,0.0188637194285277,0.841995841995842,0.819502074688797,0.858921161825726,0.819502074688797,0.844398340248963,0.807053941908714,0.835758835758836,0.83195020746888,0.862785862785863,0.813278008298755
1225,0.005,4,0,1,3,0.75,0.82520293993323,0.0110929116749359,0.833679833679834,0.804979253112033,0.827800829875519,0.815352697095436,0.827800829875519,0.823651452282158,0.814968814968815,0.844398340248963,0.82952182952183,0.829875518672199
1225,0.005,4,0,1,5,0.75,0.826659535373228,0.0141671323607257,0.83991683991684,0.804979253112033,0.836099585062241,0.809128630705394,0.829875518672199,0.815352697095436,0.819126819126819,0.846473029045643,0.83991683991684,0.825726141078838
1225,0.01,4,0,1,3,0.75,0.836415748656413,0.0118074470009399,0.846153846153846,0.823651452282158,0.850622406639004,0.817427385892116,0.848547717842324,0.829875518672199,0.82952182952183,0.840248962655602,0.848232848232848,0.829875518672199
1225,0.01,4,0,1,5,0.75,0.835376678945144,0.013880012078198,0.844074844074844,0.821576763485477,0.844398340248963,0.813278008298755,0.848547717842324,0.819502074688797,0.825363825363825,0.850622406639004,0.846153846153846,0.840248962655602
1225,0.15,4,0,1,3,0.75,0.834553273349954,0.014370959325553,0.848232848232848,0.825726141078838,0.840248962655602,0.804979253112033,0.840248962655602,0.827800829875519,0.844074844074844,0.823651452282158,0.854469854469854,0.836099585062241
1225,0.15,4,0,1,5,0.75,0.836002536210005,0.0114967449724291,0.846153846153846,0.819502074688797,0.852697095435685,0.819502074688797,0.842323651452282,0.83195020746888,0.837837837837838,0.83195020746888,0.848232848232848,0.829875518672199
1225,0.005,6,0,1,3,0.75,0.826239421675106,0.0129228524954374,0.825363825363825,0.813278008298755,0.838174273858921,0.807053941908714,0.840248962655602,0.819502074688797,0.810810810810811,0.840248962655602,0.837837837837838,0.829875518672199
1225,0.005,6,0,1,5,0.75,0.829354905495984,0.0136812358003613,0.837837837837838,0.807053941908714,0.83402489626556,0.809128630705394,0.840248962655602,0.827800829875519,0.817047817047817,0.846473029045643,0.835758835758836,0.838174273858921
1225,0.01,6,0,1,3,0.75,0.83267785819653,0.0137469421161077,0.837837837837838,0.809128630705394,0.846473029045643,0.817427385892116,0.840248962655602,0.827800829875519,0.823284823284823,0.850622406639004,0.846153846153846,0.827800829875519
1225,0.01,6,0,1,5,0.75,0.835376247616912,0.0146934443894089,0.837837837837838,0.815352697095436,0.846473029045643,0.811203319502075,0.844398340248963,0.838174273858921,0.821205821205821,0.848547717842324,0.854469854469854,0.836099585062241
1225,0.15,6,0,1,3,0.75,0.83911543206149,0.0132300700843409,0.852390852390852,0.821576763485477,0.856846473029046,0.821576763485477,0.842323651452282,0.83195020746888,0.82952182952183,0.846473029045643,0.854469854469854,0.83402489626556
1225,0.15,6,0,1,5,0.75,0.833717790564264,0.0104448776877261,0.848232848232848,0.819502074688797,0.844398340248963,0.821576763485477,0.827800829875519,0.825726141078838,0.831600831600832,0.83195020746888,0.83991683991684,0.846473029045643
1300,0.005,2,0,1,3,0.75,0.79717997601815,0.011638145290684,0.808731808731809,0.784232365145228,0.800829875518672,0.778008298755187,0.800829875518672,0.788381742738589,0.79002079002079,0.813278008298755,0.808731808731809,0.798755186721992
1300,0.005,2,0,1,5,0.75,0.796143494276274,0.01295966063304,0.806652806652807,0.782157676348548,0.798755186721992,0.775933609958506,0.796680497925311,0.778008298755187,0.798336798336798,0.811203319502075,0.806652806652807,0.807053941908714
1300,0.01,2,0,1,3,0.75,0.816900302792419,0.0108045109283176,0.821205821205821,0.800829875518672,0.83402489626556,0.807053941908714,0.821576763485477,0.802904564315353,0.812889812889813,0.825726141078838,0.825363825363825,0.817427385892116
1300,0.01,2,0,1,5,0.75,0.81752400341612,0.0144961554207597,0.833679833679834,0.796680497925311,0.829875518672199,0.811203319502075,0.819502074688797,0.802904564315353,0.798336798336798,0.829875518672199,0.833679833679834,0.819502074688797
1300,0.15,2,0,1,3,0.75,0.8341327283236,0.0112833248779725,0.844074844074844,0.809128630705394,0.842323651452282,0.83195020746888,0.842323651452282,0.825726141078838,0.835758835758836,0.844398340248963,0.83991683991684,0.825726141078838
1300,0.15,2,0,1,5,0.75,0.83662709949017,0.015882258999965,0.844074844074844,0.815352697095436,0.856846473029046,0.825726141078838,0.850622406639004,0.817427385892116,0.83991683991684,0.83402489626556,0.858627858627859,0.823651452282158
1300,0.005,4,0,1,3,0.75,0.827693860473943,0.0120968336452135,0.835758835758836,0.809128630705394,0.829875518672199,0.815352697095436,0.829875518672199,0.825726141078838,0.814968814968815,0.850622406639004,0.833679833679834,0.83195020746888
1300,0.005,4,0,1,5,0.75,0.827904348651237,0.0152265178934817,0.844074844074844,0.804979253112033,0.840248962655602,0.804979253112033,0.83195020746888,0.821576763485477,0.817047817047817,0.846473029045643,0.837837837837838,0.829875518672199
1300,0.01,4,0,1,3,0.75,0.838284262558121,0.011254119686196,0.848232848232848,0.827800829875519,0.848547717842324,0.819502074688797,0.848547717842324,0.829875518672199,0.82952182952183,0.842323651452282,0.852390852390852,0.836099585062241
1300,0.01,4,0,1,5,0.75,0.83620741712028,0.0146936680707763,0.846153846153846,0.817427385892116,0.844398340248963,0.815352697095436,0.848547717842324,0.821576763485477,0.825363825363825,0.854771784232365,0.848232848232848,0.840248962655602
1300,0.15,4,0,1,3,0.75,0.834760742229622,0.0144106842263508,0.848232848232848,0.827800829875519,0.840248962655602,0.804979253112033,0.838174273858921,0.823651452282158,0.844074844074844,0.825726141078838,0.854469854469854,0.840248962655602
1300,0.15,4,0,1,5,0.75,0.836209142433209,0.0118968163479059,0.844074844074844,0.815352697095436,0.854771784232365,0.821576763485477,0.844398340248963,0.829875518672199,0.837837837837838,0.83402489626556,0.846153846153846,0.83402489626556
1300,0.005,6,0,1,3,0.75,0.826655222090907,0.012847194594174,0.82952182952183,0.809128630705394,0.836099585062241,0.809128630705394,0.842323651452282,0.823651452282158,0.810810810810811,0.838174273858921,0.837837837837838,0.829875518672199
1300,0.005,6,0,1,5,0.75,0.82976984325532,0.0136568092819614,0.837837837837838,0.807053941908714,0.838174273858921,0.811203319502075,0.840248962655602,0.827800829875519,0.817047817047817,0.848547717842324,0.835758835758836,0.83402489626556
1300,0.01,6,0,1,3,0.75,0.834545078113543,0.0120919714266732,0.837837837837838,0.813278008298755,0.844398340248963,0.821576763485477,0.842323651452282,0.83402489626556,0.823284823284823,0.850622406639004,0.846153846153846,0.83195020746888
1300,0.01,6,0,1,5,0.75,0.836206123135584,0.0142504311760237,0.837837837837838,0.815352697095436,0.846473029045643,0.815352697095436,0.844398340248963,0.840248962655602,0.821205821205821,0.850622406639004,0.854469854469854,0.836099585062241
1300,0.15,6,0,1,3,0.75,0.83890753185359,0.0121379495973777,0.852390852390852,0.823651452282158,0.854771784232365,0.821576763485477,0.842323651452282,0.83402489626556,0.82952182952183,0.844398340248963,0.852390852390852,0.83402489626556
1300,0.15,6,0,1,5,0.75,0.833302421476695,0.0101500092729723,0.848232848232848,0.819502074688797,0.842323651452282,0.819502074688797,0.823651452282158,0.829875518672199,0.833679833679834,0.836099585062241,0.835758835758836,0.844398340248963
1375,0.005,2,0,1,3,0.75,0.798841452368423,0.0111365497081965,0.808731808731809,0.782157676348548,0.804979253112033,0.784232365145228,0.802904564315353,0.788381742738589,0.796257796257796,0.813278008298755,0.810810810810811,0.796680497925311
1375,0.005,2,0,1,5,0.75,0.79905064656102,0.0139108849832122,0.812889812889813,0.784232365145228,0.802904564315353,0.775933609958506,0.796680497925311,0.782157676348548,0.8004158004158,0.813278008298755,0.810810810810811,0.811203319502075
1375,0.01,2,0,1,3,0.75,0.817937215862527,0.0116059451295451,0.823284823284823,0.798755186721992,0.83402489626556,0.807053941908714,0.823651452282158,0.811203319502075,0.806652806652807,0.829875518672199,0.827442827442827,0.817427385892116
1375,0.01,2,0,1,5,0.75,0.819185048438161,0.0135311635069245,0.831600831600832,0.798755186721992,0.836099585062241,0.809128630705394,0.821576763485477,0.804979253112033,0.806652806652807,0.829875518672199,0.833679833679834,0.819502074688797
1375,0.15,2,0,1,3,0.75,0.834963897826968,0.0109620755712721,0.846153846153846,0.811203319502075,0.838174273858921,0.836099585062241,0.840248962655602,0.825726141078838,0.83991683991684,0.846473029045643,0.83991683991684,0.825726141078838
1375,0.15,2,0,1,5,0.75,0.83538401152509,0.0177102745860191,0.846153846153846,0.813278008298755,0.856846473029046,0.823651452282158,0.846473029045643,0.817427385892116,0.841995841995842,0.827800829875519,0.862785862785863,0.817427385892116
1375,0.005,4,0,1,3,0.75,0.829769411927088,0.0128691258208306,0.835758835758836,0.815352697095436,0.83402489626556,0.813278008298755,0.83195020746888,0.825726141078838,0.817047817047817,0.856846473029046,0.835758835758836,0.83195020746888
1375,0.005,4,0,1,5,0.75,0.829357062137145,0.0160375117905814,0.844074844074844,0.804979253112033,0.842323651452282,0.804979253112033,0.83195020746888,0.821576763485477,0.819126819126819,0.850622406639004,0.837837837837838,0.836099585062241
1375,0.01,4,0,1,3,0.75,0.837868893470553,0.0120776137423967,0.848232848232848,0.825726141078838,0.850622406639004,0.819502074688797,0.850622406639004,0.83195020746888,0.827442827442827,0.840248962655602,0.852390852390852,0.83195020746888
1375,0.01,4,0,1,5,0.75,0.836831117743981,0.0142438571944696,0.85031185031185,0.817427385892116,0.848547717842324,0.817427385892116,0.846473029045643,0.819502074688797,0.82952182952183,0.850622406639004,0.846153846153846,0.842323651452282
1375,0.15,4,0,1,3,0.75,0.835383148868626,0.0138690338357964,0.848232848232848,0.827800829875519,0.842323651452282,0.807053941908714,0.838174273858921,0.825726141078838,0.844074844074844,0.825726141078838,0.854469854469854,0.840248962655602
1375,0.15,4,0,1,5,0.75,0.835588029778901,0.0120864885829778,0.841995841995842,0.817427385892116,0.854771784232365,0.819502074688797,0.838174273858921,0.829875518672199,0.844074844074844,0.829875518672199,0.848232848232848,0.83195020746888
1375,0.005,6,0,1,3,0.75,0.827278491386375,0.0127107201459312,0.82952182952183,0.813278008298755,0.836099585062241,0.804979253112033,0.840248962655602,0.825726141078838,0.812889812889813,0.838174273858921,0.83991683991684,0.83195020746888
1375,0.005,6,0,1,5,0.75,0.82956194304742,0.0137807429971319,0.835758835758836,0.807053941908714,0.838174273858921,0.811203319502075,0.842323651452282,0.825726141078838,0.817047817047817,0.848547717842324,0.835758835758836,0.83402489626556
1375,0.01,6,0,1,3,0.75,0.835791185376248,0.0116983142295185,0.83991683991684,0.813278008298755,0.844398340248963,0.825726141078838,0.842323651452282,0.83402489626556,0.825363825363825,0.850622406639004,0.848232848232848,0.83402489626556
1375,0.01,6,0,1,5,0.75,0.836414454671716,0.0150686945876716,0.837837837837838,0.815352697095436,0.846473029045643,0.811203319502075,0.844398340248963,0.840248962655602,0.823284823284823,0.850622406639004,0.856548856548857,0.838174273858921
1375,0.15,6,0,1,3,0.75,0.839531663805523,0.014016840620844,0.852390852390852,0.821576763485477,0.858921161825726,0.819502074688797,0.842323651452282,0.829875518672199,0.833679833679834,0.846473029045643,0.856548856548857,0.83402489626556
1375,0.15,6,0,1,5,0.75,0.833509890356363,0.0103289699034505,0.85031185031185,0.821576763485477,0.842323651452282,0.817427385892116,0.827800829875519,0.827800829875519,0.831600831600832,0.836099585062241,0.835758835758836,0.844398340248963
1450,0.005,2,0,1,3,0.75,0.800712554239525,0.0127933596618049,0.817047817047817,0.786307053941909,0.804979253112033,0.784232365145228,0.796680497925311,0.786307053941909,0.8004158004158,0.815352697095436,0.817047817047817,0.798755186721992
1450,0.005,2,0,1,5,0.75,0.80008799095936,0.0141008422896644,0.812889812889813,0.784232365145228,0.804979253112033,0.775933609958506,0.800829875518672,0.784232365145228,0.798336798336798,0.813278008298755,0.812889812889813,0.813278008298755
1450,0.01,2,0,1,3,0.75,0.819597829556336,0.012028060668988,0.823284823284823,0.800829875518672,0.838174273858921,0.807053941908714,0.823651452282158,0.809128630705394,0.810810810810811,0.83195020746888,0.827442827442827,0.823651452282158
1450,0.01,2,0,1,5,0.75,0.821258874578377,0.014970816880092,0.82952182952183,0.802904564315353,0.836099585062241,0.807053941908714,0.83195020746888,0.802904564315353,0.804573804573805,0.838174273858921,0.833679833679834,0.825726141078838
1450,0.15,2,0,1,3,0.75,0.834963897826968,0.00920824841093037,0.844074844074844,0.815352697095436,0.836099585062241,0.829875518672199,0.840248962655602,0.827800829875519,0.835758835758836,0.842323651452282,0.846153846153846,0.83195020746888
1450,0.15,2,0,1,5,0.75,0.837043762562435,0.0160538560754642,0.848232848232848,0.819502074688797,0.856846473029046,0.825726141078838,0.848547717842324,0.823651452282158,0.841995841995842,0.827800829875519,0.860706860706861,0.817427385892116
1450,0.005,4,0,1,3,0.75,0.829976880806756,0.0135069676997095,0.837837837837838,0.815352697095436,0.83402489626556,0.815352697095436,0.83402489626556,0.823651452282158,0.812889812889813,0.856846473029046,0.837837837837838,0.83195020746888
1450,0.005,4,0,1,5,0.75,0.83060316939985,0.0164546580666009,0.844074844074844,0.804979253112033,0.844398340248963,0.804979253112033,0.83402489626556,0.821576763485477,0.823284823284823,0.852697095435685,0.83991683991684,0.836099585062241
1450,0.01,4,0,1,3,0.75,0.838699200317458,0.0114539450142089,0.848232848232848,0.829875518672199,0.850622406639004,0.819502074688797,0.846473029045643,0.836099585062241,0.827442827442827,0.842323651452282,0.854469854469854,0.83195020746888
1450,0.01,4,0,1,5,0.75,0.83599951691238,0.0144500385110664,0.841995841995842,0.817427385892116,0.848547717842324,0.811203319502075,0.846473029045643,0.823651452282158,0.82952182952183,0.852697095435685,0.846153846153846,0.842323651452282
1450,0.15,4,0,1,3,0.75,0.834759448244925,0.0125065810841835,0.846153846153846,0.827800829875519,0.840248962655602,0.809128630705394,0.840248962655602,0.829875518672199,0.841995841995842,0.823651452282158,0.852390852390852,0.836099585062241
1450,0.15,4,0,1,5,0.75,0.835380560899233,0.012483708461973,0.841995841995842,0.815352697095436,0.852697095435685,0.817427385892116,0.840248962655602,0.83402489626556,0.844074844074844,0.83195020746888,0.848232848232848,0.827800829875519
1450,0.005,6,0,1,3,0.75,0.827693860473943,0.0122531445695021,0.82952182952183,0.813278008298755,0.83402489626556,0.804979253112033,0.842323651452282,0.825726141078838,0.817047817047817,0.838174273858921,0.837837837837838,0.83402489626556
1450,0.005,6,0,1,5,0.75,0.830809344294821,0.0140264447233726,0.83991683991684,0.807053941908714,0.838174273858921,0.811203319502075,0.840248962655602,0.827800829875519,0.819126819126819,0.848547717842324,0.841995841995842,0.83402489626556
1450,0.01,6,0,1,3,0.75,0.836206985792048,0.0117707079053884,0.83991683991684,0.813278008298755,0.844398340248963,0.825726141078838,0.842323651452282,0.83402489626556,0.827442827442827,0.850622406639004,0.85031185031185,0.83402489626556
1450,0.01,6,0,1,5,0.75,0.83724476151862,0.0139606161357208,0.83991683991684,0.817427385892116,0.846473029045643,0.813278008298755,0.844398340248963,0.842323651452282,0.825363825363825,0.850622406639004,0.854469854469854,0.838174273858921
1450,0.15,6,0,1,3,0.75,0.840154933100991,0.013487944679468,0.852390852390852,0.819502074688797,0.856846473029046,0.821576763485477,0.842323651452282,0.836099585062241,0.835758835758836,0.844398340248963,0.858627858627859,0.83402489626556
1450,0.15,6,0,1,5,0.75,0.834132296995368,0.0099415851170718,0.85031185031185,0.827800829875519,0.842323651452282,0.815352697095436,0.829875518672199,0.827800829875519,0.833679833679834,0.836099585062241,0.833679833679834,0.844398340248963
