"rank","variable","data_type","Gain","cumulative_gain","in_80pct"
1,"FAM83D","exp",0.118457267048922,0.118457267048922,TRUE
2,"AURKA","exp",0.0321729456893709,0.150630212738293,TRUE
3,"DEPDC1","exp",0.0176897885564636,0.168320001294757,TRUE
4,"STIL","exp",0.0146712517161146,0.182991253010872,TRUE
5,"FAM72B","exp",0.0108129568355607,0.193804209846432,TRUE
6,"APCS","meth",0.0105880561895378,0.20439226603597,TRUE
7,"ATP6V1B2","exp",0.0103548929155581,0.214747158951528,TRUE
8,"EPHX2","exp",0.00964590143527817,0.224393060386806,TRUE
9,"MSH6","exp",0.00961317939123757,0.234006239778044,TRUE
10,"CBR4","exp",0.00933767079863893,0.243343910576683,TRUE
11,"TMC6","exp",0.00921631546446815,0.252560226041151,TRUE
12,"TNFRSF10B","exp",0.00867141027479052,0.261231636315942,TRUE
13,"INTS9","exp",0.00858297448111421,0.269814610797056,TRUE
14,"ELP3","exp",0.00856146659756065,0.278376077394616,TRUE
15,"KCNMB3","exp",0.00846067428232993,0.286836751676946,TRUE
16,"GALNT8","exp",0.00831432941001493,0.295151081086961,TRUE
17,"TMLHE","exp",0.00825120538553915,0.3034022864725,TRUE
18,"BIN3","exp",0.00755301332319312,0.310955299795694,TRUE
19,"MSRA","exp",0.00737681790133124,0.318332117697025,TRUE
20,"HTRA3","exp",0.00699198358751232,0.325324101284537,TRUE
21,"GABRB2.1","meth",0.00699192745694122,0.332316028741478,TRUE
22,"CABLES2","exp",0.00673204759030104,0.339048076331779,TRUE
23,"UVRAG","exp",0.00646501055611825,0.345513086887898,TRUE
24,"C9orf25","exp",0.00640851877439981,0.351921605662297,TRUE
25,"C8orf76","exp",0.00630965672714188,0.358231262389439,TRUE
26,"TP53.1","path_mut",0.0057857532064229,0.364017015595862,TRUE
27,"VWC2","meth",0.00569528423872679,0.369712299834589,TRUE
28,"CETN3.1","meth",0.0056221887222408,0.37533448855683,TRUE
29,"PPFIA1","exp",0.00560246454350215,0.380936953100332,TRUE
30,"SIX4","exp",0.00548919097211459,0.386426144072447,TRUE
31,"TGF-beta signaling pathway ","path_mut",0.00523696669169929,0.391663110764146,TRUE
32,"KLHL28;FAM179B","meth",0.00522608359763623,0.396889194361782,TRUE
33,"ZNF485.1","meth",0.00473387046185016,0.401623064823632,TRUE
34,"PHLDA1","exp",0.00458074522443742,0.40620381004807,TRUE
35,"CDADC1","exp",0.00438984099431008,0.41059365104238,TRUE
36,"OTX1","exp",0.00427847534261237,0.414872126384992,TRUE
37,"C8orf79","exp",0.00425120783879105,0.419123334223783,TRUE
38,"PSEN1","meth",0.0040727614770826,0.423196095700866,TRUE
39,"TGFA","exp",0.00395791676943178,0.427154012470297,TRUE
40,"MCPH1","exp",0.00393676048153885,0.431090772951836,TRUE
41,"PTK2B","exp",0.00380517275214776,0.434895945703984,TRUE
42,"SMURF2","exp",0.00370502827725848,0.438600973981243,TRUE
43,"CES7","meth",0.00369707332798774,0.44229804730923,TRUE
44,"MC3R","meth",0.00361520740976755,0.445913254718998,TRUE
45,"Acute myeloid leukemia ","path_mut",0.00358198954568224,0.44949524426468,TRUE
46,"PGPEP1","exp",0.00357015405095679,0.453065398315637,TRUE
47,"TRPM3","meth",0.00348999933556385,0.456555397651201,TRUE
48,"ZNF577.1","meth",0.00347816488029341,0.460033562531494,TRUE
49,"TUBA8","exp",0.0034616500189301,0.463495212550424,TRUE
50,"LILRA1.1","meth",0.00326611813505216,0.466761330685476,TRUE
51,"ATG10.1","meth",0.00326548172871596,0.470026812414192,TRUE
52,"DCTN6","exp",0.00325989101988901,0.473286703434081,TRUE
53,"ALG3","exp",0.00325803455322266,0.476544737987304,TRUE
54,"DPF3","exp",0.0032119594101269,0.479756697397431,TRUE
55,"SCUBE1","exp",0.00312045748400431,0.482877154881435,TRUE
56,"FOLR2.1","meth",0.00311818445573856,0.485995339337174,TRUE
57,"KIF13B","exp",0.00296661294371749,0.488961952280891,TRUE
58,"FOXP4","exp",0.00291556868589695,0.491877520966788,TRUE
59,"OSR2","exp",0.0029032992187005,0.494780820185489,TRUE
60,"C1QTNF3.1","meth",0.0028936504774741,0.497674470662963,TRUE
61,"DPPA2","meth",0.00286217785836796,0.500536648521331,TRUE
62,"IQUB","exp",0.00284184507871491,0.503378493600046,TRUE
63,"MS4A15","meth",0.00270572766420888,0.506084221264255,TRUE
64,"GGA3;MRPS7","meth",0.00267854305692544,0.50876276432118,TRUE
65,"FDXACB1","exp",0.00264842328852828,0.511411187609708,TRUE
66,"ZNF639","exp",0.00263610418735461,0.514047291797063,TRUE
67,"OR3A3","meth",0.00262563895420973,0.516672930751273,TRUE
68,"HADH","exp",0.00262527384563383,0.519298204596906,TRUE
69,"LRRC48","exp",0.00261078566169645,0.521908990258603,TRUE
70,"CCL22","exp",0.00255369151579371,0.524462681774397,TRUE
71,"ENPP5.1","meth",0.00254785809421951,0.527010539868616,TRUE
72,"FANK1","exp",0.00254488941068139,0.529555429279298,TRUE
73,"TRAF3IP2","exp",0.00254070040694939,0.532096129686247,TRUE
74,"STK11IP","exp",0.00252277916294354,0.534618908849191,TRUE
75,"PDE3B","exp",0.00249265263808875,0.537111561487279,TRUE
76,"ELOVL1","meth",0.00245880408466985,0.539570365571949,TRUE
77,"SCRN2","exp",0.00242088034784366,0.541991245919793,TRUE
78,"CLYBL","exp",0.00242080368803591,0.544412049607829,TRUE
79,"VASH2","exp",0.00240120554321849,0.546813255151047,TRUE
80,"SYT1","exp",0.00238262762350354,0.549195882774551,TRUE
81,"C18orf45","exp",0.00234956515794377,0.551545447932495,TRUE
82,"B9D2","exp",0.00229407411154617,0.553839522044041,TRUE
83,"RNF126.1","meth",0.00228284331977881,0.55612236536382,TRUE
84,"ADCY3","exp",0.00226646930457075,0.55838883466839,TRUE
85,"FAM151B","exp",0.00226625101901648,0.560655085687407,TRUE
86,"LRRC50","exp",0.00226516946606781,0.562920255153475,TRUE
87,"LTBP3","exp",0.00222498777307367,0.565145242926548,TRUE
88,"NPPB","meth",0.0021915776098096,0.567336820536358,TRUE
89,"CTSH.1","meth",0.00218820275922228,0.56952502329558,TRUE
90,"CACNG4","exp",0.00217648966032547,0.571701512955906,TRUE
91,"PAX8","exp",0.00217167867269566,0.573873191628601,TRUE
92,"SLC10A4","exp",0.00216043605712744,0.576033627685729,TRUE
93,"GPA33","exp",0.00215856088027073,0.578192188565999,TRUE
94,"PCM1","exp",0.00214746261901845,0.580339651185018,TRUE
95,"MEST.1","meth",0.00214413324458828,0.582483784429606,TRUE
96,"PLA2G3","meth",0.00212872488309413,0.5846125093127,TRUE
97,"CHODL","exp",0.00212664597305343,0.586739155285754,TRUE
98,"COQ9","exp",0.00208242573744148,0.588821581023195,TRUE
99,"FAM160B2","exp",0.00207465425198183,0.590896235275177,TRUE
100,"IGHMBP2","exp",0.00207141063259083,0.592967645907768,TRUE
101,"MMP25","exp",0.00206455594645914,0.595032201854227,TRUE
102,"UBE2S","exp",0.00205513874383853,0.597087340598066,TRUE
103,"NEK5","exp",0.0020157571713463,0.599103097769412,TRUE
104,"PHYH","exp",0.00201005783946973,0.601113155608882,TRUE
105,"RAD51L3","exp",0.00200783678395499,0.603120992392837,TRUE
106,"C6orf155","exp",0.00200614922872946,0.605127141621566,TRUE
107,"VPS37B","exp",0.00199812255706232,0.607125264178628,TRUE
108,"C2orf81","exp",0.00199503901374445,0.609120303192373,TRUE
109,"PSMC3IP","exp",0.00199006015412886,0.611110363346502,TRUE
110,"CYFIP2","exp",0.00194046918435864,0.61305083253086,TRUE
111,"ASAM","exp",0.00193440708267996,0.61498523961354,TRUE
112,"C16orf57.1","meth",0.00192447690900681,0.616909716522547,TRUE
113,"MMAB","exp",0.00191839739645654,0.618828113919003,TRUE
114,"TRPV4.1","meth",0.00191087018292668,0.62073898410193,TRUE
115,"VILL.1","meth",0.00190597370012144,0.622644957802052,TRUE
116,"PPP1R14C.1","meth",0.00189771665923542,0.624542674461287,TRUE
117,"CFL2.1","meth",0.00189011876276417,0.626432793224051,TRUE
118,"YIPF6.1","meth",0.00188956395364706,0.628322357177698,TRUE
119,"BRAF.1","meth",0.00188836819057803,0.630210725368276,TRUE
120,"CCDC137","exp",0.00187671680932305,0.632087442177599,TRUE
121,"CLCN2","exp",0.00186754868611169,0.633954990863711,TRUE
122,"ABCB1","exp",0.00181450178826257,0.635769492651974,TRUE
123,"NUDT18","exp",0.001813355399307,0.637582848051281,TRUE
124,"AKT3.1","meth",0.00179516844461158,0.639378016495892,TRUE
125,"SLC25A33.1","meth",0.00178303852425161,0.641161055020144,TRUE
126,"PDGFD","exp",0.00176973194080861,0.642930786960953,TRUE
127,"C8orf83","exp",0.00175594058153049,0.644686727542483,TRUE
128,"MRRF","exp",0.00175210486257352,0.646438832405057,TRUE
129,"NARS2","exp",0.00173884557433394,0.64817767797939,TRUE
130,"CYB5D2","exp",0.00173666999497635,0.649914347974367,TRUE
131,"RUSC1","exp",0.00173223269142636,0.651646580665793,TRUE
132,"RNMTL1","exp",0.0017235245270615,0.653370105192855,TRUE
133,"CUL7","exp",0.00169848509507631,0.655068590287931,TRUE
134,"MGC45800","meth",0.00167985442301907,0.65674844471095,TRUE
135,"KCTD9","exp",0.00166493993259147,0.658413384643541,TRUE
136,"HIST1H3G","meth",0.00165460060343593,0.660067985246977,TRUE
137,"UTP15;ANKRA2","meth",0.0016309620969544,0.661698947343932,TRUE
138,"TMPRSS3.1","meth",0.00161931630277016,0.663318263646702,TRUE
139,"C15orf57","exp",0.00161289922720204,0.664931162873904,TRUE
140,"SOS2.1","meth",0.00161163628935231,0.666542799163256,TRUE
141,"MIR449C;CDC20B","meth",0.00160765309771433,0.668150452260971,TRUE
142,"ARMCX3.1","meth",0.00160489308477155,0.669755345345742,TRUE
143,"LMO3.1","meth",0.00159463561269887,0.671349980958441,TRUE
144,"C16orf62","exp",0.00159372076234908,0.67294370172079,TRUE
145,"TCAM1P","exp",0.00158354631674614,0.674527248037536,TRUE
146,"SLC38A4.1","meth",0.00156538119060615,0.676092629228143,TRUE
147,"EIF1B","meth",0.001557890358002,0.677650519586145,TRUE
148,"TMEM130.1","meth",0.00155598841517852,0.679206508001323,TRUE
149,"ZPBP2","meth",0.00155058013070764,0.680757088132031,TRUE
150,"PHF19","exp",0.00153846463278608,0.682295552764817,TRUE
151,"PCDH20","meth",0.00153677538844613,0.683832328153263,TRUE
152,"LONRF1","exp",0.00152563762790309,0.685357965781166,TRUE
153,"RGS9BP","exp",0.0015227098729064,0.686880675654073,TRUE
154,"CDR1","exp",0.00150014941121286,0.688380825065285,TRUE
155,"IFT20","exp",0.00147344126412436,0.68985426632941,TRUE
156,"KITLG.1","meth",0.00145855977639365,0.691312826105803,TRUE
157,"MOCS3","exp",0.0014510382798664,0.69276386438567,TRUE
158,"CDR2L","exp",0.00144921637507949,0.694213080760749,TRUE
159,"C9orf129","exp",0.00140017761578883,0.695613258376538,TRUE
160,"IQCD","exp",0.00139910996555105,0.697012368342089,TRUE
161,"G6PC3.1","meth",0.00139263481043366,0.698405003152523,TRUE
162,"STXBP1","exp",0.00138837096594019,0.699793374118463,TRUE
163,"MTRF1L","exp",0.00137918725090352,0.701172561369367,TRUE
164,"HIST1H2BL","exp",0.00136432161486187,0.702536882984229,TRUE
165,"CENPK;PPWD1","meth",0.00136365233576065,0.703900535319989,TRUE
166,"GALR1","meth",0.0013581293214419,0.705258664641431,TRUE
167,"OLFML2B","exp",0.00135385144430565,0.706612516085737,TRUE
168,"TSSC1","meth",0.00135232877263272,0.707964844858369,TRUE
169,"MBD2","exp",0.00134547265725037,0.70931031751562,TRUE
170,"ECT2","exp",0.00134325887792078,0.71065357639354,TRUE
171,"LOC646851;CBY1","meth",0.00133024256229221,0.711983818955833,TRUE
172,"MED13L.1","meth",0.00132341620130982,0.713307235157143,TRUE
173,"CBS","exp",0.0013195738558271,0.71462680901297,TRUE
174,"ADAM19.1","meth",0.00131147442230853,0.715938283435278,TRUE
175,"ZNHIT6.1","meth",0.00130988379626364,0.717248167231542,TRUE
176,"SLAIN1.1","meth",0.00130686080120071,0.718555028032743,TRUE
177,"KCNJ6","meth",0.00129729404698905,0.719852322079732,TRUE
178,"MAT2B","meth",0.0012913521322971,0.721143674212029,TRUE
179,"KIAA0753","exp",0.00128855080101726,0.722432225013046,TRUE
180,"C8orf41","exp",0.00127932979553174,0.723711554808578,TRUE
181,"ETHE1","exp",0.00127802657879997,0.724989581387378,TRUE
182,"ZNF271;ZNF397OS","meth",0.0012715201101001,0.726261101497478,TRUE
183,"SPOCK3","exp",0.00126971587604852,0.727530817373526,TRUE
184,"GFRA3","exp",0.00126247581196804,0.728793293185494,TRUE
185,"TRIM46;KRTCAP2","meth",0.00126140595288834,0.730054699138383,TRUE
186,"SLC44A3","exp",0.00124427846272241,0.731298977601105,TRUE
187,"C14orf159","exp",0.00124137526485057,0.732540352865956,TRUE
188,"NDRG2","exp",0.00122554306557188,0.733765895931528,TRUE
189,"TRIM47","exp",0.00122475502873457,0.734990650960262,TRUE
190,"INSC","exp",0.00122429519981995,0.736214946160082,TRUE
191,"ADAT3;SCAMP4","meth",0.00120529798993616,0.737420244150018,TRUE
192,"E2F5.1","meth",0.00120473122708632,0.738624975377105,TRUE
193,"HEATR6","exp",0.0011955281521999,0.739820503529305,TRUE
194,"TEX264.1","meth",0.0011903560838824,0.741010859613187,TRUE
195,"SYNPO2","exp",0.00118963950957774,0.742200499122765,TRUE
196,"TUSC3.1","meth",0.00118729242014179,0.743387791542906,TRUE
197,"NVL","exp",0.00117117567005127,0.744558967212958,TRUE
198,"ZSCAN2.1","meth",0.00115750059980356,0.745716467812761,TRUE
199,"SYNE2","exp",0.00115111340856726,0.746867581221329,TRUE
200,"LUC7L3","meth",0.00114998806857586,0.748017569289904,TRUE
201,"SHPK","exp",0.00114438020874107,0.749161949498646,TRUE
202,"PPP3CA","exp",0.00114435240331928,0.750306301901965,TRUE
203,"SLMO1","exp",0.00114303567367225,0.751449337575637,TRUE
204,"EIF3M","meth",0.00112777179642593,0.752577109372063,TRUE
205,"LOC100132724","exp",0.00112705171396058,0.753704161086024,TRUE
206,"FAM84B","exp",0.0011269619310332,0.754831123017057,TRUE
207,"NCOA2.1","meth",0.00110487117307698,0.755935994190134,TRUE
208,"DCK","exp",0.0011012750485022,0.757037269238636,TRUE
209,"ARL8B","meth",0.00109550750238992,0.758132776741026,TRUE
210,"HOXA11AS;HOXA11","meth",0.00109257792834694,0.759225354669373,TRUE
211,"UBXN10","exp",0.0010902735864987,0.760315628255872,TRUE
212,"GTF3C6","exp",0.00108502141517869,0.76140064967105,TRUE
213,"CDKN2C","exp",0.00108415054676946,0.76248480021782,TRUE
214,"GAD1","exp",0.00107821155554475,0.763563011773365,TRUE
215,"LZTS1","exp",0.00107269991026529,0.76463571168363,TRUE
216,"SLC11A1","exp",0.00107267990075614,0.765708391584386,TRUE
217,"TMEM151A","exp",0.0010617185877028,0.766770110172089,TRUE
218,"FURIN","exp",0.001054986037536,0.767825096209625,TRUE
219,"PPP4R1L","exp",0.00105283131224475,0.76887792752187,TRUE
220,"GNAI3","meth",0.0010402850251832,0.769918212547053,TRUE
221,"RAB6B.1","meth",0.0010343266091428,0.770952539156195,TRUE
222,"NOS1AP.1","meth",0.00103375341466502,0.77198629257086,TRUE
223,"PPP2CB","meth",0.00102926089006707,0.773015553460928,TRUE
224,"ORAOV1","exp",0.00102791291180349,0.774043466372731,TRUE
225,"PRSS12.1","meth",0.00102713065693474,0.775070597029666,TRUE
226,"TREML1","exp",0.00102515289886071,0.776095749928526,TRUE
227,"UCHL5","exp",0.00102045729073815,0.777116207219265,TRUE
228,"BTRC","exp",0.00101853053092606,0.778134737750191,TRUE
229,"EXPH5.1","meth",0.00101720548563887,0.77915194323583,TRUE
230,"SLC7A11","exp",0.00101453031821212,0.780166473554042,TRUE
231,"FAM86B1","exp",0.00101195766703676,0.781178431221078,TRUE
232,"FXN","exp",0.00100200254644312,0.782180433767522,TRUE
233,"TLCD1","exp",0.000997567321803162,0.783178001089325,TRUE
234,"FAM128A","exp",0.000992329897751254,0.784170330987076,TRUE
235,"MPL","exp",0.000991979601409396,0.785162310588485,TRUE
236,"PROSC","exp",0.00098614747915397,0.786148458067639,TRUE
237,"CENPE","exp",0.000985898789540352,0.78713435685718,TRUE
238,"ABCC10","exp",0.00098047062549221,0.788114827482672,TRUE
239,"PEX11A;WDR93","meth",0.000979382251119965,0.789094209733792,TRUE
240,"SGCB.1","meth",0.000964953381084678,0.790059163114876,TRUE
241,"C5orf28","exp",0.000959805480096397,0.791018968594973,TRUE
242,"VENTX","exp",0.000950764560193153,0.791969733155166,TRUE
243,"CDC25B","exp",0.000930726401072428,0.792900459556238,TRUE
244,"TAL1.1","meth",0.000929155069911353,0.79382961462615,TRUE
245,"ANKHD1-EIF4EBP3","exp",0.000921574064584189,0.794751188690734,TRUE
246,"PRKRIR","exp",0.000913841688619687,0.795665030379354,TRUE
247,"SPATA5","exp",0.000912115868456213,0.79657714624781,TRUE
248,"PAX4","meth",0.000911096033149373,0.797488242280959,TRUE
249,"NEURL.1","meth",0.000907236731556632,0.798395479012516,TRUE
250,"C6orf114;GFOD1","meth",0.00090572978164088,0.799301208794157,TRUE
251,"CLCN6;MTHFR","meth",0.000903637358684917,0.800204846152842,FALSE
252,"C9orf72.1","meth",0.000900792500226098,0.801105638653068,FALSE
253,"CECR1","exp",0.000896027638412816,0.80200166629148,FALSE
254,"LOC100129534","exp",0.000887644433673698,0.802889310725154,FALSE
255,"KLHL3","exp",0.000883064010160589,0.803772374735315,FALSE
256,"HEXB.1","meth",0.000878131990986847,0.804650506726302,FALSE
257,"KTN1;C14orf33","meth",0.000868292055002648,0.805518798781304,FALSE
258,"NAPB.1","meth",0.000867806954337839,0.806386605735642,FALSE
259,"C8orf39","exp",0.000857365368794673,0.807243971104437,FALSE
260,"FAM133A;NAP1L3","meth",0.000856007840538097,0.808099978944975,FALSE
261,"CDK7","exp",0.000846579658673834,0.808946558603649,FALSE
262,"INO80C","exp",0.00084581708848453,0.809792375692133,FALSE
263,"PPIH","exp",0.000841948951524116,0.810634324643657,FALSE
264,"JOSD1","meth",0.000838408892554499,0.811472733536212,FALSE
265,"HIPK4","exp",0.000837598637366137,0.812310332173578,FALSE
266,"NEU4","exp",0.000837357613733293,0.813147689787311,FALSE
267,"CPD","exp",0.000827655080709597,0.813975344868021,FALSE
268,"CCDC53","exp",0.000818869411979787,0.814794214280001,FALSE
269,"OVGP1.1","meth",0.000817677806730834,0.815611892086731,FALSE
270,"NEK3","exp",0.000815817701971918,0.816427709788703,FALSE
271,"HES1.1","meth",0.000815329937703619,0.817243039726407,FALSE
272,"PPP1R15A","exp",0.000812519121396717,0.818055558847804,FALSE
273,"MED30","exp",0.000811716921984762,0.818867275769788,FALSE
274,"PLEKHM1","exp",0.000804335362089628,0.819671611131878,FALSE
275,"RIMBP2.1","meth",0.000799403018086192,0.820471014149964,FALSE
276,"STMN1","exp",0.000793243077703724,0.821264257227668,FALSE
277,"HHAT","exp",0.000781879300659692,0.822046136528328,FALSE
278,"AADAT.1","meth",0.000781320918415948,0.822827457446744,FALSE
279,"HOXA11","exp",0.00078053742919436,0.823607994875938,FALSE
280,"AMT;NICN1","meth",0.000770984902523287,0.824378979778461,FALSE
281,"ZNF410","meth",0.000760881009929858,0.825139860788391,FALSE
282,"CHRNA5","exp",0.000758691397929492,0.825898552186321,FALSE
283,"ACTR6","exp",0.000754691380113371,0.826653243566434,FALSE
284,"KIF1A.1","meth",0.000738998337875523,0.82739224190431,FALSE
285,"RABL2A","exp",0.000735973848596,0.828128215752906,FALSE
286,"LOC374491","exp",0.000732500379713624,0.828860716132619,FALSE
287,"LAMA4.1","meth",0.000731854878145987,0.829592571010765,FALSE
288,"ITPRIP","exp",0.000731518744378782,0.830324089755144,FALSE
289,"TBCE","exp",0.000723823463965319,0.831047913219109,FALSE
290,"PIGS","exp",0.000722607691387142,0.831770520910496,FALSE
291,"ZNF197.1","meth",0.000717385339433029,0.832487906249929,FALSE
292,"D4S234E","exp",0.00071373327918497,0.833201639529114,FALSE
293,"PAPD5","exp",0.000700226795548366,0.833901866324663,FALSE
294,"SUSD1.1","meth",0.00069740292108777,0.834599269245751,FALSE
295,"PMAIP1.1","meth",0.000696015573465298,0.835295284819216,FALSE
296,"RAMP3","exp",0.000694912581756829,0.835990197400973,FALSE
297,"IL17RB;CHDH","meth",0.00069460470817299,0.836684802109146,FALSE
298,"C9orf25;DNAI1","meth",0.000693663156822369,0.837378465265968,FALSE
299,"ENO3","exp",0.000693142974550623,0.838071608240519,FALSE
300,"PTBP1","meth",0.000692025040676237,0.838763633281195,FALSE
301,"SLPI.1","meth",0.000690176824684117,0.839453810105879,FALSE
302,"UQCRH","exp",0.000689952107501905,0.840143762213381,FALSE
303,"HLA-DMB","exp",0.000686104499778143,0.840829866713159,FALSE
304,"UCP2","exp",0.000686073640957226,0.841515940354116,FALSE
305,"POTEF","exp",0.000683236188615428,0.842199176542732,FALSE
306,"LOC100130557","exp",0.000681943431399807,0.842881119974131,FALSE
307,"ULK1","exp",0.000681518424228361,0.84356263839836,FALSE
308,"TTC13;ARV1","meth",0.000678974228134178,0.844241612626494,FALSE
309,"FBXO45","exp",0.00067529780565908,0.844916910432153,FALSE
310,"SLC7A3","meth",0.000672308852748065,0.845589219284901,FALSE
311,"UGDH","exp",0.000662369453911606,0.846251588738813,FALSE
312,"NTRK3.1","meth",0.000660208037128667,0.846911796775941,FALSE
313,"NEFL","exp",0.000656232511471463,0.847568029287413,FALSE
314,"DHRS4L1","exp",0.000652341831330295,0.848220371118743,FALSE
315,"INPP5F","exp",0.000650053341171118,0.848870424459914,FALSE
316,"KIAA0114","exp",0.000648524302836184,0.84951894876275,FALSE
317,"ROM1;EML3","meth",0.000647842550274712,0.850166791313025,FALSE
318,"TSSK3","exp",0.000643742030151311,0.850810533343176,FALSE
319,"TCFL5","exp",0.000642845175366566,0.851453378518543,FALSE
320,"C-type lectin receptor signaling pathway ","path_mut",0.00064104490423726,0.85209442342278,FALSE
321,"PKP1","meth",0.00063949501183598,0.852733918434616,FALSE
322,"MED27.1","meth",0.000637037025542547,0.853370955460159,FALSE
323,"PPT2;PRRT1","meth",0.000636707908096729,0.854007663368256,FALSE
324,"C19orf25","exp",0.000636363198825606,0.854644026567081,FALSE
325,"ST3GAL6","exp",0.000634182941920423,0.855278209509002,FALSE
326,"MORN4","exp",0.000633063448863506,0.855911272957865,FALSE
327,"C17orf93;PRAC","meth",0.000617738763498495,0.856529011721364,FALSE
328,"BAAT","exp",0.000616279303683985,0.857145291025048,FALSE
329,"ENPEP","exp",0.000613239092647279,0.857758530117695,FALSE
330,"MYADML2","exp",0.000612270190636436,0.858370800308331,FALSE
331,"GNA11.1","meth",0.000610069404494601,0.858980869712826,FALSE
332,"ZFAND2B","exp",0.000609193923503712,0.85959006363633,FALSE
333,"TYK2","meth",0.000603911867851867,0.860193975504182,FALSE
334,"NR1H3","exp",0.000601479283240495,0.860795454787422,FALSE
335,"CYHR1;KIFC2","meth",0.000599951998985907,0.861395406786408,FALSE
336,"KIAA1737","exp",0.000593700976357281,0.861989107762765,FALSE
337,"PLEKHG4","exp",0.000592944383034344,0.8625820521458,FALSE
338,"DHRS4L2","exp",0.000591262284947664,0.863173314430747,FALSE
339,"RIT1","exp",0.000591052704829186,0.863764367135576,FALSE
340,"PNCK","exp",0.000590204119736948,0.864354571255313,FALSE
341,"PRKAA2.1","meth",0.000588306854461055,0.864942878109775,FALSE
342,"C9orf9","exp",0.000587097708408633,0.865529975818183,FALSE
343,"MAP2K2","meth",0.000578678902335068,0.866108654720518,FALSE
344,"C6orf129","exp",0.000578256039039602,0.866686910759558,FALSE
345,"FUBP1","meth",0.00057526747592422,0.867262178235482,FALSE
346,"AS3MT","exp",0.000574914775842628,0.867837093011325,FALSE
347,"CTSL1.1","meth",0.00057442168436735,0.868411514695692,FALSE
348,"CYP2D7P1","exp",0.000566348302190234,0.868977862997882,FALSE
349,"A2LD1","exp",0.000565467558958304,0.86954333055684,FALSE
350,"COPA;NCSTN","meth",0.000561784315059635,0.8701051148719,FALSE
351,"CDC42EP1","exp",0.000561097365223061,0.870666212237123,FALSE
352,"RPRM","meth",0.000558335208404299,0.871224547445527,FALSE
353,"TMED3","exp",0.000553342770907499,0.871777890216435,FALSE
354,"SMARCD2","exp",0.000544494215148958,0.872322384431584,FALSE
355,"ETV7","exp",0.000542575965874842,0.872864960397459,FALSE
356,"PPP2R2A","exp",0.000537664475937752,0.873402624873396,FALSE
357,"R3HCC1","exp",0.000536149860041226,0.873938774733438,FALSE
358,"LOC100129716","exp",0.000533838664286448,0.874472613397724,FALSE
359,"LIN37.1","meth",0.000531776288077166,0.875004389685801,FALSE
360,"PRKG1.1","meth",0.000531618096016257,0.875536007781818,FALSE
361,"TCEAL8","exp",0.000530408430236325,0.876066416212054,FALSE
362,"RAET1K","exp",0.000529133408721989,0.876595549620776,FALSE
363,"VEGF signaling pathway ","path_mut",0.000528630669804803,0.877124180290581,FALSE
364,"AMT","exp",0.000527706042081233,0.877651886332662,FALSE
365,"RPS6KA3.1","meth",0.000526099889176977,0.878177986221839,FALSE
366,"GPHN","exp",0.000525785713897076,0.878703771935736,FALSE
367,"ZNF576","exp",0.000525653053450104,0.879229424989186,FALSE
368,"C6orf147","exp",0.000525149957220255,0.879754574946406,FALSE
369,"ZNF496.1","meth",0.00052443029703351,0.88027900524344,FALSE
370,"ACOT7.1","meth",0.000524082826709989,0.88080308807015,FALSE
371,"PIGH","exp",0.000519453159015291,0.881322541229165,FALSE
372,"CRIPT;PIGF","meth",0.000515240832511264,0.881837782061676,FALSE
373,"GDE1","meth",0.000514053774878025,0.882351835836554,FALSE
374,"CHPF","exp",0.000512064842662525,0.882863900679217,FALSE
375,"HNRNPUL1","meth",0.00051109548589011,0.883374996165107,FALSE
376,"DCHS2.1","meth",0.000510371830298131,0.883885367995405,FALSE
377,"STX18","exp",0.000505664463340662,0.884391032458746,FALSE
378,"RAB43","exp",0.000504735450416224,0.884895767909162,FALSE
379,"NDUFV2.1","meth",0.000504676266446003,0.885400444175608,FALSE
380,"TPBG.1","meth",0.000503221679076902,0.885903665854685,FALSE
381,"LHFP.1","meth",0.000501305638644704,0.88640497149333,FALSE
382,"C11orf57;PIH1D2","meth",0.000500170878592176,0.886905142371922,FALSE
383,"IDH2","exp",0.00049791094096309,0.887403053312885,FALSE
384,"RHCG","meth",0.00049728463683036,0.887900337949715,FALSE
385,"MED11","exp",0.000492544656971627,0.888392882606687,FALSE
386,"TF.1","meth",0.000490388924708331,0.888883271531395,FALSE
387,"OR5I1","meth",0.000488822303577817,0.889372093834973,FALSE
388,"SDHAP3","exp",0.000486416030171647,0.889858509865145,FALSE
389,"PCDHGA4;PCDHGA12;PCDHGA11;PCDHGA9;PCDHGA1;PCDHGB1;PCDHGC3;PCDHGB6;PCDHGB3;PCDHGB7;PCDHGA6;PCDHGA8;PCDHGA10;PCDHGA5;PCDHGB4;PCDHGA3;PCDHGA2;PCDHGA7;PCDHGB2;PCDHGB5","meth",0.000485957825405489,0.89034446769055,FALSE
390,"ZNF593","exp",0.000483605051449898,0.890828072742,FALSE
391,"PTRF.1","meth",0.000482690298549021,0.891310763040549,FALSE
392,"TMEM125","meth",0.000482417571538057,0.891793180612087,FALSE
393,"PDZRN3","exp",0.000479412117278594,0.892272592729366,FALSE
394,"FHIT","exp",0.000478711199765184,0.892751303929131,FALSE
395,"SORBS2.1","meth",0.000476733831486786,0.893228037760618,FALSE
396,"CASKIN2;TSEN54","meth",0.00047654263672898,0.893704580397347,FALSE
397,"SAMD10.1","meth",0.000474193728246746,0.894178774125594,FALSE
398,"CHIC2","exp",0.000467454291690432,0.894646228417284,FALSE
399,"METAP1","exp",0.000465111554972381,0.895111339972256,FALSE
400,"PLCB3","exp",0.000464797249760603,0.895576137222017,FALSE
401,"LOC100132707","exp",0.000462434048771838,0.896038571270789,FALSE
402,"NXF3.1","meth",0.000461076390583384,0.896499647661372,FALSE
403,"ADD2","exp",0.000460706214664263,0.896960353876036,FALSE
404,"SCAMP3","meth",0.000455497245693536,0.89741585112173,FALSE
405,"ZNF202","exp",0.00044558467778979,0.89786143579952,FALSE
406,"PHTF1","exp",0.000442446400668508,0.898303882200188,FALSE
407,"SCRT1","exp",0.000441902343414263,0.898745784543602,FALSE
408,"KRT81","exp",0.000441808337700861,0.899187592881303,FALSE
409,"LPPR1","meth",0.000441389339878752,0.899628982221182,FALSE
410,"DNAJB12","meth",0.000439858385048624,0.900068840606231,FALSE
411,"HOXA1","exp",0.0004377839576577,0.900506624563889,FALSE
412,"NT5C1B","exp",0.000437595881264956,0.900944220445154,FALSE
413,"ZNF554","exp",0.00043396798834612,0.9013781884335,FALSE
414,"CFP","exp",0.000433604503918691,0.901811792937418,FALSE
415,"DOCK11","exp",0.000433290815883332,0.902245083753302,FALSE
416,"MIR34B;BTG4;MIR34C","meth",0.000431660365717975,0.90267674411902,FALSE
417,"ITGA9.1","meth",0.000431453351754078,0.903108197470774,FALSE
418,"SCOC","exp",0.000431350835502696,0.903539548306276,FALSE
419,"BMP4.1","meth",0.000430790569246728,0.903970338875523,FALSE
420,"KBTBD3","exp",0.000425891357872066,0.904396230233395,FALSE
421,"DTWD2","exp",0.000420976944467731,0.904817207177863,FALSE
422,"VPS18","meth",0.000419633838649562,0.905236841016513,FALSE
423,"MICALL2.1","meth",0.000418774436728519,0.905655615453241,FALSE
424,"ZADH2","exp",0.000418221544106601,0.906073836997348,FALSE
425,"CBX2","exp",0.000416980824607936,0.906490817821956,FALSE
426,"LOC284749","exp",0.000416493092822607,0.906907310914778,FALSE
427,"THSD1P1","exp",0.000413479745201583,0.90732079065998,FALSE
428,"ZC4H2.1","meth",0.000413431540475014,0.907734222200455,FALSE
429,"LSM10","exp",0.000412421222678204,0.908146643423133,FALSE
430,"SLC35A2","exp",0.000409897068576133,0.908556540491709,FALSE
431,"FBLN5","exp",0.000406327125274681,0.908962867616984,FALSE
432,"CDKN1A","exp",0.000404355961243435,0.909367223578227,FALSE
433,"LEF1","exp",0.000403637795273282,0.909770861373501,FALSE
434,"UPP1.1","meth",0.000401542383884135,0.910172403757385,FALSE
435,"LHPP","exp",0.000401168050144932,0.91057357180753,FALSE
436,"HECTD2","exp",0.000401049227442918,0.910974621034973,FALSE
437,"ANGEL2","meth",0.000400633965162288,0.911375255000135,FALSE
438,"CCL21","exp",0.000399615883935795,0.911774870884071,FALSE
439,"APOBEC2","exp",0.000398798612426045,0.912173669496497,FALSE
440,"SIAE","exp",0.0003985523915181,0.912572221888015,FALSE
441,"CATSPER2","exp",0.000397974714390541,0.912970196602405,FALSE
442,"PI15","exp",0.000396840149235829,0.913367036751641,FALSE
443,"THRAP3","meth",0.000392147269682707,0.913759184021324,FALSE
444,"MIXL1","meth",0.000389896134938324,0.914149080156262,FALSE
445,"ZNF32","exp",0.000387528711163539,0.914536608867426,FALSE
446,"B4GALT1","exp",0.000387241106952596,0.914923849974378,FALSE
447,"ZHX2.1","meth",0.000385828065301339,0.91530967803968,FALSE
448,"HDAC3;RELL2","meth",0.000385020116403803,0.915694698156083,FALSE
449,"MATN4","exp",0.000384811705672223,0.916079509861756,FALSE
450,"Autophagy - animal ","path_mut",0.000383635302452942,0.916463145164208,FALSE
451,"SCNN1B","exp",0.000381159710390103,0.916844304874599,FALSE
452,"PRAMEF1","meth",0.000379711879478633,0.917224016754077,FALSE
453,"ID2","exp",0.000377674904951412,0.917601691659029,FALSE
454,"VASP","exp",0.000377059969857967,0.917978751628887,FALSE
455,"DPEP3","exp",0.000376887160460834,0.918355638789347,FALSE
456,"RSRC1","exp",0.000375698803508819,0.918731337592856,FALSE
457,"PHTF2","exp",0.000375128337600464,0.919106465930457,FALSE
458,"RPRD1B;KIAA0406","meth",0.000374884910227886,0.919481350840684,FALSE
459,"KDM1B;TPMT","meth",0.000373922309913103,0.919855273150598,FALSE
460,"PTGER3","exp",0.000373617684626202,0.920228890835224,FALSE
461,"ZNF658","exp",0.000371571842248338,0.920600462677472,FALSE
462,"GGA2","meth",0.000368971807929781,0.920969434485402,FALSE
463,"PSTPIP2","exp",0.000368184063439203,0.921337618548841,FALSE
464,"SNX9","exp",0.000364228092529569,0.921701846641371,FALSE
465,"FAM22A","exp",0.000363363265952639,0.922065209907323,FALSE
466,"SLC9A3","exp",0.000361974878875146,0.922427184786198,FALSE
467,"ATAD2","exp",0.000361761108453617,0.922788945894652,FALSE
468,"MTBP","exp",0.000359876608984693,0.923148822503637,FALSE
469,"ETNK1.1","meth",0.000358543865233758,0.92350736636887,FALSE
470,"ZMAT3.1","meth",0.000357892939010233,0.923865259307881,FALSE
471,"MIF4GD","exp",0.000357881115209377,0.92422314042309,FALSE
472,"MBD3L1","meth",0.000356897985657943,0.924580038408748,FALSE
473,"ABCD4","exp",0.000352435085528072,0.924932473494276,FALSE
474,"ZNF273.1","meth",0.000351646041718719,0.925284119535995,FALSE
475,"OBSL1","exp",0.000351517863921522,0.925635637399916,FALSE
476,"LOC645431","exp",0.000347531229088788,0.925983168629005,FALSE
477,"CXCL1.1","meth",0.000345185016693012,0.926328353645698,FALSE
478,"ST6GALNAC6.1","meth",0.000343816963954355,0.926672170609653,FALSE
479,"HOXB4.1","meth",0.000340520202425439,0.927012690812078,FALSE
480,"DLG2.1","meth",0.000339804050399388,0.927352494862477,FALSE
481,"MBOAT2","exp",0.000338533511534827,0.927691028374012,FALSE
482,"TAGLN3","meth",0.00033603027646504,0.928027058650477,FALSE
483,"DYRK2","exp",0.00033574088569078,0.928362799536168,FALSE
484,"PINX1.1","meth",0.000332844021997975,0.928695643558166,FALSE
485,"RCAN3","exp",0.000330342995770106,0.929025986553936,FALSE
486,"TMEM120B","exp",0.000328993425841029,0.929354979979777,FALSE
487,"LOC100190939","exp",0.00032680024071403,0.929681780220491,FALSE
488,"EME1","exp",0.000324964238318399,0.93000674445881,FALSE
489,"FAM111B.1","meth",0.00032485736934912,0.930331601828159,FALSE
490,"ZNF621.1","meth",0.000324272091206724,0.930655873919365,FALSE
491,"EGFLAM","exp",0.000321129104054881,0.93097700302342,FALSE
492,"PLOD2.1","meth",0.000320695066617947,0.931297698090038,FALSE
493,"ANKRD37","exp",0.000318029838979832,0.931615727929018,FALSE
494,"NPAT","exp",0.00031773953868243,0.9319334674677,FALSE
495,"SMU1","meth",0.000315669951253945,0.932249137418955,FALSE
496,"HOXA10","exp",0.000314859241304011,0.932563996660259,FALSE
497,"C17orf55","exp",0.000311788691173899,0.932875785351432,FALSE
498,"PPAPDC1A","exp",0.000309999399288245,0.933185784750721,FALSE
499,"CDR2L.1","meth",0.000309613761475695,0.933495398512196,FALSE
500,"PCDHGA8","exp",0.00030771396252819,0.933803112474724,FALSE
501,"TRAP1","meth",0.000306637379473833,0.934109749854198,FALSE
502,"VIPR2.1","meth",0.000306443293731752,0.93441619314793,FALSE
503,"LZTFL1","exp",0.000304574775883765,0.934720767923814,FALSE
504,"PTGS2.1","meth",0.000304488403668168,0.935025256327482,FALSE
505,"LSAMP","exp",0.000303356047355375,0.935328612374837,FALSE
506,"SLC7A4","exp",0.000301045014015444,0.935629657388853,FALSE
507,"C1orf122","exp",0.000297129127090033,0.935926786515943,FALSE
508,"KCNN3","exp",0.000296288078046693,0.93622307459399,FALSE
509,"MAFB","exp",0.000295830230593198,0.936518904824583,FALSE
510,"GPM6B.1","meth",0.000295696563174175,0.936814601387757,FALSE
511,"MCC","exp",0.000294441551168981,0.937109042938926,FALSE
512,"MAGIX","exp",0.000293605634434803,0.937402648573361,FALSE
513,"C1orf86","exp",0.000293437794931986,0.937696086368293,FALSE
514,"HPCAL4.1","meth",0.000292929956188607,0.937989016324481,FALSE
515,"STAT3","meth",0.000290799430709554,0.938279815755191,FALSE
516,"KCNQ4","exp",0.000289919304654042,0.938569735059845,FALSE
517,"HPSE2","meth",0.00028875940278321,0.938858494462628,FALSE
518,"LOC388242","exp",0.000288270241747227,0.939146764704375,FALSE
519,"PCDHGB1","exp",0.000287817948881498,0.939434582653257,FALSE
520,"PREPL;C2orf34","meth",0.000287372120126676,0.939721954773383,FALSE
521,"TMEM48.1","meth",0.000284980496539699,0.940006935269923,FALSE
522,"AGAP5","exp",0.000284319468112695,0.940291254738036,FALSE
523,"SVOPL","meth",0.0002834379452895,0.940574692683325,FALSE
524,"CCDC109A","exp",0.000283374668465136,0.94085806735179,FALSE
525,"POLR1E","exp",0.000282495614347615,0.941140562966138,FALSE
526,"HIPK2","exp",0.000282085192029423,0.941422648158167,FALSE
527,"SMOC2.1","meth",0.000279778154094727,0.941702426312262,FALSE
528,"ZNF138","exp",0.000278373493049572,0.941980799805312,FALSE
529,"SOX9.1","meth",0.000277549919843761,0.942258349725156,FALSE
530,"ZFR2","exp",0.000276226368773163,0.942534576093929,FALSE
531,"NRM","exp",0.000274972428705958,0.942809548522635,FALSE
532,"SLC16A4","exp",0.000274903434878982,0.943084451957514,FALSE
533,"LEFTY2","exp",0.000274766356748174,0.943359218314262,FALSE
534,"EPB49","exp",0.000273850077147736,0.94363306839141,FALSE
535,"SCG5","exp",0.000273183916411569,0.943906252307821,FALSE
536,"FDXR","exp",0.000272416749882097,0.944178669057703,FALSE
537,"AARSD1","exp",0.000271964651914184,0.944450633709617,FALSE
538,"CCDC6.1","meth",0.000269318508020583,0.944719952217638,FALSE
539,"DUSP5P","exp",0.000268816045208637,0.944988768262847,FALSE
540,"HECW1","exp",0.00026832500016043,0.945257093263007,FALSE
541,"PAN2","exp",0.000266121193102443,0.94552321445611,FALSE
542,"FSCN3","exp",0.000265957852490885,0.9457891723086,FALSE
543,"C2orf3","exp",0.000265808317141317,0.946054980625742,FALSE
544,"ZBTB44","exp",0.000260115952861675,0.946315096578603,FALSE
545,"BZW2","exp",0.000259916604878553,0.946575013183482,FALSE
546,"FAM5C","meth",0.000259057332889387,0.946834070516371,FALSE
547,"MAFF","exp",0.000258996232423973,0.947093066748795,FALSE
548,"CNST;TFB2M","meth",0.000258076103591662,0.947351142852387,FALSE
549,"CES2","exp",0.000257069699992663,0.94760821255238,FALSE
550,"PD-L1 expression and PD-1 checkpoint pathway in cancer ","path_mut",0.000255724921301571,0.947863937473681,FALSE
551,"C16orf7","exp",0.000254769938243109,0.948118707411924,FALSE
552,"NOS3","exp",0.000254434681516077,0.94837314209344,FALSE
553,"PCDHA7","exp",0.000253545265331321,0.948626687358772,FALSE
554,"C14orf2.1","meth",0.000253488387651927,0.948880175746423,FALSE
555,"SORD.1","meth",0.000252895800841419,0.949133071547265,FALSE
556,"PRICKLE2","exp",0.000251334117122252,0.949384405664387,FALSE
557,"ERF.1","meth",0.000250613872242058,0.949635019536629,FALSE
558,"HEPH.1","meth",0.00025027921644996,0.949885298753079,FALSE
559,"ZNF18","exp",0.000250048376228019,0.950135347129307,FALSE
560,"SOCS3","exp",0.000248609218269376,0.950383956347577,FALSE
561,"SERF1A","exp",0.000245290725633941,0.95062924707321,FALSE
562,"PDLIM1","exp",0.00024275172681486,0.950871998800025,FALSE
563,"SLC22A16","exp",0.000242660092358222,0.951114658892384,FALSE
564,"MTHFD2","exp",0.000242376954555569,0.951357035846939,FALSE
565,"ZCCHC11.1","meth",0.000242265749109877,0.951599301596049,FALSE
566,"KRT6A","meth",0.000242148047070307,0.951841449643119,FALSE
567,"C21orf63","exp",0.000241627734866683,0.952083077377986,FALSE
568,"SECTM1.1","meth",0.000240117958932595,0.952323195336919,FALSE
569,"SOD3","exp",0.000238898434571455,0.95256209377149,FALSE
570,"CTSO","exp",0.000237182749094429,0.952799276520585,FALSE
571,"PROCA1.1","meth",0.000235757883642316,0.953035034404227,FALSE
572,"BSDC1","meth",0.000235063673862085,0.953270098078089,FALSE
573,"NOTCH2","exp",0.000233966090568019,0.953504064168657,FALSE
574,"GALNT12.1","meth",0.000233849996435434,0.953737914165092,FALSE
575,"UTP3","meth",0.000233213460167347,0.95397112762526,FALSE
576,"C1orf89","exp",0.000233090414679313,0.954204218039939,FALSE
577,"AFMID;TK1","meth",0.000232329858434111,0.954436547898373,FALSE
578,"ARMC9","exp",0.000231770046939714,0.954668317945313,FALSE
579,"MYLK3","exp",0.000231363213989641,0.954899681159303,FALSE
580,"ACSL6","exp",0.000224342458676961,0.95512402361798,FALSE
581,"KCNF1","meth",0.000223794292327088,0.955347817910307,FALSE
582,"NCRNA00219","exp",0.0002219108160717,0.955569728726378,FALSE
583,"AQPEP","exp",0.000221862497654738,0.955791591224033,FALSE
584,"KCNJ3","meth",0.000220305994969189,0.956011897219002,FALSE
585,"LOC168474","exp",0.0002201118117782,0.95623200903078,FALSE
586,"TAL2","exp",0.000219391794278791,0.956451400825059,FALSE
587,"MCCC2","exp",0.00021839313786799,0.956669793962927,FALSE
588,"CKS2.1","meth",0.000218230820469969,0.956888024783397,FALSE
589,"ITGA7.1","meth",0.000216750409140206,0.957104775192537,FALSE
590,"ZNF202.1","meth",0.000215975852735198,0.957320751045273,FALSE
591,"MEF2A","exp",0.000214771806508971,0.957535522851782,FALSE
592,"ADAMTS16","exp",0.000214294014512273,0.957749816866294,FALSE
593,"RBKS","exp",0.000213712634326204,0.95796352950062,FALSE
594,"SLC43A1.1","meth",0.000213634447818892,0.958177163948439,FALSE
595,"GSTK1","exp",0.000212831225193402,0.958389995173632,FALSE
596,"PNPLA4","exp",0.000212021262351764,0.958602016435984,FALSE
597,"NPTXR","exp",0.000211354598129572,0.958813371034114,FALSE
598,"RAB10","meth",0.000211184127506234,0.95902455516162,FALSE
599,"EIF2AK3","exp",0.000210815884323791,0.959235371045944,FALSE
600,"CYP2D6","exp",0.000209554115860964,0.959444925161805,FALSE
601,"VASN;CORO7","meth",0.000208483071152887,0.959653408232958,FALSE
602,"C3orf21","exp",0.0002076402680292,0.959861048500987,FALSE
603,"ZNF385D","exp",0.000206213583530801,0.960067262084518,FALSE
604,"SLC13A4","exp",0.000205813653211721,0.960273075737729,FALSE
605,"GAB3.1","meth",0.000202822507700273,0.96047589824543,FALSE
606,"SLC6A9","exp",0.000202794523622147,0.960678692769052,FALSE
607,"BMP15","meth",0.000202300863694905,0.960880993632747,FALSE
608,"NHLRC4","exp",0.000200928929241406,0.961081922561988,FALSE
609,"RFC2","exp",0.000200197315321926,0.96128211987731,FALSE
610,"SLC2A14","exp",0.00020007491949328,0.961482194796803,FALSE
611,"FLJ35024","exp",0.000199875993788761,0.961682070790592,FALSE
612,"KLHL5","exp",0.00019816534317199,0.961880236133764,FALSE
613,"OR2A4","exp",0.000197961057777522,0.962078197191541,FALSE
614,"DOCK5","exp",0.000197470337559009,0.9622756675291,FALSE
615,"CDK20.1","meth",0.000196381557149647,0.96247204908625,FALSE
616,"LOC253039","exp",0.00019563292215421,0.962667682008404,FALSE
617,"DAB2IP","exp",0.000194840971119096,0.962862522979523,FALSE
618,"TPD52L2","meth",0.000194550557131302,0.963057073536655,FALSE
619,"NKD1","exp",0.000193917902578057,0.963250991439233,FALSE
620,"MYO1F.1","meth",0.000193814996531042,0.963444806435764,FALSE
621,"RNASEL","exp",0.000193117294831602,0.963637923730595,FALSE
622,"JPH3","exp",0.000192505250722432,0.963830428981318,FALSE
623,"TRPM4","exp",0.00019198964854937,0.964022418629867,FALSE
624,"TMEM59L","meth",0.000191923838053394,0.964214342467921,FALSE
625,"Prolactin signaling pathway ","path_mut",0.000191874155351718,0.964406216623272,FALSE
626,"SCML2.1","meth",0.0001915918296233,0.964597808452896,FALSE
627,"PARP3","exp",0.000191280350429859,0.964789088803325,FALSE
628,"DENND2C.1","meth",0.000190142455770785,0.964979231259096,FALSE
629,"USP18","exp",0.000189618684130922,0.965168849943227,FALSE
630,"GP5","exp",0.000188689427584214,0.965357539370811,FALSE
631,"RTBDN","exp",0.000188587349852919,0.965546126720664,FALSE
632,"SLC38A11","exp",0.000187944511888772,0.965734071232553,FALSE
633,"FBXO22OS","exp",0.000187636053611483,0.965921707286165,FALSE
634,"LHX5","meth",0.000186929402853977,0.966108636689019,FALSE
635,"TUBG2","exp",0.000184829281434269,0.966293465970453,FALSE
636,"TULP2","exp",0.0001844878042186,0.966477953774671,FALSE
637,"KDELR3","exp",0.000182739310942494,0.966660693085614,FALSE
638,"C3orf45","exp",0.000182607040291155,0.966843300125905,FALSE
639,"H2AFY","meth",0.000182184696723199,0.967025484822628,FALSE
640,"LOC728875","exp",0.000181706937209471,0.967207191759838,FALSE
641,"PTCH2","exp",0.000181347172082037,0.96738853893192,FALSE
642,"SPATA6","exp",0.000179436215234548,0.967567975147154,FALSE
643,"FLJ39653","exp",0.000178729093473986,0.967746704240628,FALSE
644,"C9orf64.1","meth",0.000178690048944784,0.967925394289573,FALSE
645,"CNTD1","exp",0.000178455229559093,0.968103849519132,FALSE
646,"TFR2","exp",0.000176761567535311,0.968280611086667,FALSE
647,"SDCCAG3;PMPCA","meth",0.00017446036029362,0.968455071446961,FALSE
648,"MFNG.1","meth",0.000174366452029125,0.96862943789899,FALSE
649,"BRF2","exp",0.00017427022123232,0.968803708120223,FALSE
650,"CDKN2C.1","meth",0.000174213976970828,0.968977922097193,FALSE
651,"LOC253724","exp",0.000174187779456018,0.969152109876649,FALSE
652,"CYB561D1.1","meth",0.000172430061016607,0.969324539937666,FALSE
653,"CDKN2A","exp",0.000172002455207611,0.969496542392874,FALSE
654,"CAPN2","exp",0.000171897177903831,0.969668439570777,FALSE
655,"EDN3.1","meth",0.000170776889014165,0.969839216459792,FALSE
656,"RPP38;C10orf111","meth",0.000169499155171885,0.970008715614963,FALSE
657,"QRSL1","exp",0.000169084607516582,0.97017780022248,FALSE
658,"VCAN","exp",0.00016891861954302,0.970346718842023,FALSE
659,"TGFBRAP1.1","meth",0.000167806126566006,0.970514524968589,FALSE
660,"C6orf227","meth",0.00016776571775209,0.970682290686341,FALSE
661,"POTEE","exp",0.000166765810746968,0.970849056497088,FALSE
662,"ALG1","meth",0.000165668503558142,0.971014725000646,FALSE
663,"LIMK1.1","meth",0.000165143091528325,0.971179868092175,FALSE
664,"AP3B2","exp",0.000164620537999814,0.971344488630174,FALSE
665,"TP53I3","exp",0.000164225983612168,0.971508714613787,FALSE
666,"NMU","meth",0.000164065079223314,0.97167277969301,FALSE
667,"RHBDL1","exp",0.000163942650911699,0.971836722343922,FALSE
668,"MTHFD1L.1","meth",0.00016387381949957,0.972000596163421,FALSE
669,"VAV2.1","meth",0.000162086135520901,0.972162682298942,FALSE
670,"PHLPP1","exp",0.000160717774194034,0.972323400073136,FALSE
671,"LGI2","exp",0.000160139479890056,0.972483539553026,FALSE
672,"KLHDC3;MEA1","meth",0.000160087117343406,0.97264362667037,FALSE
673,"CLPTM1L","meth",0.000156997012465724,0.972800623682835,FALSE
674,"USP16","meth",0.000156430347064786,0.9729570540299,FALSE
675,"DDIT3","exp",0.000156203047486508,0.973113257077387,FALSE
676,"XKR9;LACTB2","meth",0.000155934462054141,0.973269191539441,FALSE
677,"SLC36A4","exp",0.000155657512257157,0.973424849051698,FALSE
678,"TRHR","meth",0.000155224546758212,0.973580073598456,FALSE
679,"SDHC;LOC642502","meth",0.000151486292950887,0.973731559891407,FALSE
680,"GSTO2.1","meth",0.000151295829059893,0.973882855720467,FALSE
681,"DGKH.1","meth",0.000151100541447945,0.974033956261915,FALSE
682,"MRPL48","exp",0.000150798790903834,0.974184755052819,FALSE
683,"MDH1;C2orf86","meth",0.00015054115223215,0.974335296205051,FALSE
684,"CATSPER2P1","exp",0.000149630573392839,0.974484926778444,FALSE
685,"NBR2","exp",0.000149569846481572,0.974634496624925,FALSE
686,"PTGDR","exp",0.000148824183677833,0.974783320808603,FALSE
687,"WNT1.1","meth",0.000148005206812191,0.974931326015415,FALSE
688,"HOXC6","exp",0.000147491553617291,0.975078817569032,FALSE
689,"NCDN;KIAA0319L","meth",0.000146835007840063,0.975225652576873,FALSE
690,"CRB2","exp",0.000146626678315906,0.975372279255188,FALSE
691,"BACH2.1","meth",0.000146448687885156,0.975518727943074,FALSE
692,"WFS1","exp",0.000146299915885369,0.975665027858959,FALSE
693,"C7orf43","exp",0.000144083862747923,0.975809111721707,FALSE
694,"PTRF","exp",0.000143316387630241,0.975952428109337,FALSE
695,"CALB2","meth",0.000142906647454407,0.976095334756791,FALSE
696,"C4orf50","meth",0.000142782952306986,0.976238117709098,FALSE
697,"PLIN2","exp",0.000142162365176868,0.976380280074275,FALSE
698,"TUBGCP6","exp",0.000142049097062619,0.976522329171338,FALSE
699,"CNTFR","meth",0.000141732388111106,0.976664061559449,FALSE
700,"MRPL42P5","exp",0.000141535281452873,0.976805596840902,FALSE
701,"COPE;DDX49","meth",0.000141401029340401,0.976946997870242,FALSE
702,"CEACAM4","exp",0.000140494592079687,0.977087492462322,FALSE
703,"CENPF.1","meth",0.000140003482065541,0.977227495944387,FALSE
704,"HPSE","exp",0.000138268956466271,0.977365764900854,FALSE
705,"PYGO2","meth",0.00013735868621517,0.977503123587069,FALSE
706,"ATP9B","exp",0.000136862184028106,0.977639985771097,FALSE
707,"PRSS21.1","meth",0.000136840485404556,0.977776826256501,FALSE
708,"PCYT2.1","meth",0.000136332159416636,0.977913158415918,FALSE
709,"GLIPR1L2.1","meth",0.000135722632737594,0.978048881048656,FALSE
710,"HPS1","exp",0.000135654183000355,0.978184535231656,FALSE
711,"YEATS4.1","meth",0.000134607459915606,0.978319142691572,FALSE
712,"RAET1L","meth",0.000133322790959362,0.978452465482531,FALSE
713,"JDP2","exp",0.000133266197505949,0.978585731680037,FALSE
714,"ZNF562","exp",0.000132767007353169,0.97871849868739,FALSE
715,"HPCAL1","exp",0.000131943328577708,0.978850442015968,FALSE
716,"BCL2","exp",0.000131488883715256,0.978981930899683,FALSE
717,"ADAM29","meth",0.000131079679508417,0.979113010579192,FALSE
718,"GRAP2.1","meth",0.000130855936815287,0.979243866516007,FALSE
719,"Chemical carcinogenesis - reactive oxygen species ","path_mut",0.000130083573010713,0.979373950089018,FALSE
720,"PRSS3.1","meth",0.000129999133531795,0.979503949222549,FALSE
721,"ACBD6","meth",0.000129715687140933,0.97963366490969,FALSE
722,"KILLIN","exp",0.000128978949033033,0.979762643858723,FALSE
723,"THNSL2.1","meth",0.000127325768909849,0.979889969627633,FALSE
724,"PRKCI.1","meth",0.000126322288778094,0.980016291916411,FALSE
725,"PPP1R2","meth",0.000126300216600397,0.980142592133012,FALSE
726,"ORC4L","meth",0.000125272650346842,0.980267864783359,FALSE
727,"CYB5D1","exp",0.000123480954721454,0.98039134573808,FALSE
728,"FLG","exp",0.000123049727061371,0.980514395465141,FALSE
729,"RUNDC3B","exp",0.000122771559153035,0.980637167024294,FALSE
730,"INSRR","exp",0.000122529682842245,0.980759696707137,FALSE
731,"ZBTB8OS","exp",0.000121762670606877,0.980881459377744,FALSE
732,"KCTD17.1","meth",0.000121634533413392,0.981003093911157,FALSE
733,"C11orf93","exp",0.00012114364265929,0.981124237553816,FALSE
734,"MRPL19","meth",0.000120818471894252,0.98124505602571,FALSE
735,"PIGN","exp",0.000120407351192219,0.981365463376903,FALSE
736,"NIPSNAP3A","exp",0.000120241631203155,0.981485705008106,FALSE
737,"C4orf10","exp",0.000120229003448806,0.981605934011555,FALSE
738,"LGR4","exp",0.000119822974452224,0.981725756986007,FALSE
739,"PCDHGA4;PCDHGA9;PCDHGA1;PCDHGB1;PCDHGB7;PCDHGB6;PCDHGB3;PCDHGA6;PCDHGA8;PCDHGA10;PCDHGA5;PCDHGB4;PCDHGA3;PCDHGA2;PCDHGB2;PCDHGA7;PCDHGB5","meth",0.000119810971995036,0.981845567958002,FALSE
740,"PDE3A","exp",0.000119383780343899,0.981964951738346,FALSE
741,"CTPS","exp",0.000119124793628985,0.982084076531975,FALSE
742,"DCLK1.1","meth",0.000118797146037532,0.982202873678012,FALSE
743,"ZNF395","exp",0.000118159903264861,0.982321033581277,FALSE
744,"PTPN20B","exp",0.000117945125871282,0.982438978707149,FALSE
745,"ATP6V1G1","meth",0.00011726337330981,0.982556242080458,FALSE
746,"CBX7","exp",0.000117179015038315,0.982673421095497,FALSE
747,"ZNF596","exp",0.000116981534825933,0.982790402630323,FALSE
748,"FAM76A.1","meth",0.000116750418498752,0.982907153048821,FALSE
749,"LOC647946","exp",0.000115709550469235,0.983022862599291,FALSE
750,"SIGLEC16","exp",0.000115156901469587,0.98313801950076,FALSE
751,"RAG1AP1","exp",0.000114889956427174,0.983252909457187,FALSE
752,"LRFN4;PC","meth",0.000114871457376108,0.983367780914564,FALSE
753,"CCDC82","exp",0.000113881279020317,0.983481662193584,FALSE
754,"Inositol phosphate metabolism ","path_mut",0.000113808793274133,0.983595470986858,FALSE
755,"NEDD9.1","meth",0.000113362079358395,0.983708833066216,FALSE
756,"IER5.1","meth",0.000112463470493303,0.98382129653671,FALSE
757,"THOC5","exp",0.00011138676562781,0.983932683302338,FALSE
758,"LOC728743","exp",0.000110247003197997,0.984042930305536,FALSE
759,"WBP4","exp",0.000110042531026455,0.984152972836562,FALSE
760,"MED10","exp",0.000109681612753608,0.984262654449316,FALSE
761,"NCRNA00167","exp",0.000109237464992452,0.984371891914308,FALSE
762,"LDHD","exp",0.000108553925867664,0.984480445840176,FALSE
763,"RGN","exp",0.000108138225066948,0.984588584065243,FALSE
764,"WNT6.1","meth",0.000108075508573806,0.984696659573816,FALSE
765,"HDAC2","meth",0.000107595158543269,0.98480425473236,FALSE
766,"LOC147727","exp",0.00010744461622165,0.984911699348581,FALSE
767,"C10orf140","exp",0.000106035180179995,0.985017734528762,FALSE
768,"GOSR2","meth",0.000104723379823572,0.985122457908585,FALSE
769,"C13orf1","exp",0.000104580901399103,0.985227038809984,FALSE
770,"RPL27","meth",0.000104285517516992,0.985331324327501,FALSE
771,"LAGE3","exp",0.000104246570436698,0.985435570897938,FALSE
772,"DOPEY1","exp",0.000103899473667325,0.985539470371605,FALSE
773,"TMEM99","exp",0.000103127191070175,0.985642597562675,FALSE
774,"SFRP1.1","meth",0.000103078076820463,0.985745675639496,FALSE
775,"HSPBAP1","exp",0.000102631647130708,0.985848307286627,FALSE
776,"FUT4","exp",0.000101028856213783,0.98594933614284,FALSE
777,"EGR3","exp",0.000100719650828199,0.986050055793669,FALSE
778,"FOXD4L6","exp",0.000100074701471041,0.98615013049514,FALSE
779,"IMP3","meth",9.94711110546543e-05,0.986249601606194,FALSE
780,"OTUB2.1","meth",9.90718222742202e-05,0.986348673428468,FALSE
781,"KCNJ8","exp",9.88801240303892e-05,0.986447553552499,FALSE
782,"SLC25A25","exp",9.86925998481243e-05,0.986546246152347,FALSE
783,"KCNK9","exp",9.86502582975297e-05,0.986644896410644,FALSE
784,"ICAM5","exp",9.86480250933845e-05,0.986743544435738,FALSE
785,"SIX4.1","meth",9.86240770242047e-05,0.986842168512762,FALSE
786,"TCFL5.1","meth",9.77246073604239e-05,0.986939893120123,FALSE
787,"CXorf15","meth",9.676684700808e-05,0.987036659967131,FALSE
788,"ZNF22","exp",9.6244910655987e-05,0.987132904877787,FALSE
789,"GUCA1B","exp",9.6162712501956e-05,0.987229067590289,FALSE
790,"CRIP1.1","meth",9.51966933546457e-05,0.987324264283643,FALSE
791,"PRCP;C11orf82","meth",9.46619262296453e-05,0.987418926209873,FALSE
792,"PRPSAP2","exp",9.31539124966463e-05,0.98751208012237,FALSE
793,"GPR21","exp",9.30725426583346e-05,0.987605152665028,FALSE
794,"C17orf79.1","meth",9.30442824749688e-05,0.987698196947503,FALSE
795,"ZWILCH","exp",9.26270143709797e-05,0.987790823961874,FALSE
796,"ABLIM3.1","meth",9.22369751160782e-05,0.98788306093699,FALSE
797,"NUFIP1","exp",9.16609546199577e-05,0.98797472189161,FALSE
798,"PPT1","meth",9.12267791304031e-05,0.98806594867074,FALSE
799,"SERTAD1","exp",9.06088474830324e-05,0.988156557518223,FALSE
800,"OGFR","meth",9.00108766203494e-05,0.988246568394843,FALSE
801,"CRAT","exp",8.98464721915449e-05,0.988336414867035,FALSE
802,"PCDHGA2","exp",8.80478495729347e-05,0.988424462716608,FALSE
803,"UBE2E2.1","meth",8.80411905642106e-05,0.988512503907172,FALSE
804,"TRIM58","exp",8.76744740813283e-05,0.988600178381253,FALSE
805,"WDR88","exp",8.75916587508789e-05,0.988687770040004,FALSE
806,"HOXA9","meth",8.71107321476356e-05,0.988774880772152,FALSE
807,"HSD17B4.1","meth",8.67511781595029e-05,0.988861631950311,FALSE
808,"SLC47A1.1","meth",8.66925545205036e-05,0.988948324504832,FALSE
809,"CAND2","exp",8.65999293332997e-05,0.989034924434165,FALSE
810,"DIDO1;C20orf11","meth",8.60046707985604e-05,0.989120929104964,FALSE
811,"SOAT1.1","meth",8.56961475553329e-05,0.989206625252519,FALSE
812,"RSPO3.1","meth",8.52023170925011e-05,0.989291827569612,FALSE
813,"PRG4","exp",8.47919028950523e-05,0.989376619472507,FALSE
814,"TLR10","exp",8.45312514279574e-05,0.989461150723935,FALSE
815,"ATP12A","meth",8.43870026816568e-05,0.989545537726616,FALSE
816,"ZNF493","exp",8.4027984662519e-05,0.989629565711279,FALSE
817,"NOP2.1","meth",8.39837834619271e-05,0.989713549494741,FALSE
818,"HDAC5","exp",8.39255414978181e-05,0.989797475036239,FALSE
819,"SMN1","exp",8.38338826789534e-05,0.989881308918918,FALSE
820,"SEPW1.1","meth",8.29479015682101e-05,0.989964256820486,FALSE
821,"MAN2A2","exp",8.23124372381133e-05,0.990046569257724,FALSE
822,"TXNDC6","exp",8.21729959712819e-05,0.990128742253695,FALSE
823,"FAM48A.1","meth",8.2059183767296e-05,0.990210801437463,FALSE
824,"EIF4ENIF1","meth",8.1891368626706e-05,0.990292692806089,FALSE
825,"ROR1","exp",8.18096008720193e-05,0.990374502406961,FALSE
826,"CRNN","meth",8.1644944700202e-05,0.990456147351661,FALSE
827,"PON2","exp",8.04685171186945e-05,0.99053661586878,FALSE
828,"TNNI3K","exp",8.01379541807387e-05,0.990616753822961,FALSE
829,"GSTM1","exp",8.006673527036e-05,0.990696820558231,FALSE
830,"PCDHB16","exp",8.00516225688533e-05,0.9907768721808,FALSE
831,"RCN2","exp",7.9824972649963e-05,0.99085669715345,FALSE
832,"TRIM35","exp",7.89770209756282e-05,0.990935674174426,FALSE
833,"ZNF808","exp",7.89156768879429e-05,0.991014589851314,FALSE
834,"KIN","exp",7.87659791235279e-05,0.991093355830437,FALSE
835,"ARHGAP6.1","meth",7.71466787374127e-05,0.991170502509174,FALSE
836,"CHKB-CPT1B","exp",7.69507739490463e-05,0.991247453283123,FALSE
837,"RPS2","exp",7.67261136120309e-05,0.991324179396735,FALSE
838,"MEFV.1","meth",7.64575931456022e-05,0.991400636989881,FALSE
839,"MCF2","exp",7.61374491200769e-05,0.991476774439001,FALSE
840,"EDA2R.1","meth",7.61176020257821e-05,0.991552892041027,FALSE
841,"ZNF563.1","meth",7.60078907966811e-05,0.991628899931823,FALSE
842,"CCDC46","exp",7.59123421422325e-05,0.991704812273966,FALSE
843,"TLCD1.1","meth",7.58931771902948e-05,0.991780705451156,FALSE
844,"ELL","meth",7.56505943749207e-05,0.991856356045531,FALSE
845,"TMCO3","exp",7.50735181822952e-05,0.991931429563713,FALSE
846,"DDR2.1","meth",7.40603337634366e-05,0.992005489897477,FALSE
847,"PCTP","exp",7.34524231121214e-05,0.992078942320589,FALSE
848,"C22orf29","exp",7.152598812972e-05,0.992150468308718,FALSE
849,"CNOT7;VPS37A","meth",7.11750258869899e-05,0.992221643334605,FALSE
850,"POMZP3","exp",7.03102480345132e-05,0.99229195358264,FALSE
851,"KIAA0427","exp",7.01676640403937e-05,0.99236212124668,FALSE
852,"ARRDC4","exp",7.00628821018971e-05,0.992432184128782,FALSE
853,"EMR3","exp",6.94876980422382e-05,0.992501671826824,FALSE
854,"LOC80154","exp",6.94200847414614e-05,0.992571091911566,FALSE
855,"AMIGO1","exp",6.91673591188966e-05,0.992640259270685,FALSE
856,"CSF1R.1","meth",6.86814382591103e-05,0.992708940708944,FALSE
857,"SLC5A10","meth",6.82022657362139e-05,0.99277714297468,FALSE
858,"MTHFD2L","exp",6.78999954645932e-05,0.992845042970145,FALSE
859,"MPZL1","meth",6.7667815320165e-05,0.992912710785465,FALSE
860,"SLC15A4","exp",6.72721971152715e-05,0.99297998298258,FALSE
861,"CENPL","exp",6.69977403861875e-05,0.993046980722966,FALSE
862,"PARD3","exp",6.61142482829734e-05,0.993113094971249,FALSE
863,"C1orf85","exp",6.50027744591242e-05,0.993178097745708,FALSE
864,"NME1","exp",6.46100066347944e-05,0.993242707752343,FALSE
865,"RBBP7","meth",6.4474012623089e-05,0.993307181764966,FALSE
866,"LOH12CR1","exp",6.43517995111457e-05,0.993371533564477,FALSE
867,"GRIN3A","exp",6.43333126411939e-05,0.993435866877119,FALSE
868,"UBTF","meth",6.43285985502618e-05,0.993500195475669,FALSE
869,"SMPD4;FAM128B","meth",6.43017513760643e-05,0.993564497227045,FALSE
870,"HSPA4L","exp",6.36769577014108e-05,0.993628174184746,FALSE
871,"GHRL","exp",6.36695840673602e-05,0.993691843768814,FALSE
872,"SNX3","meth",6.35855912292706e-05,0.993755429360043,FALSE
873,"TMEM97","exp",6.25891720829863e-05,0.993818018532126,FALSE
874,"MCOLN3","exp",6.24906187538694e-05,0.99388050915088,FALSE
875,"LOC100272216","exp",6.24815438242972e-05,0.993942990694704,FALSE
876,"SPATA20.1","meth",6.14039172545482e-05,0.994004394611959,FALSE
877,"ERCC1","meth",6.13304935626225e-05,0.994065725105521,FALSE
878,"MTMR7","exp",6.10835945726913e-05,0.994126808700094,FALSE
879,"PLXNA3","exp",6.0040676055731e-05,0.99418684937615,FALSE
880,"HEXIM2","exp",5.98714844493133e-05,0.994246720860599,FALSE
881,"ACAN","exp",5.98341493363753e-05,0.994306555009935,FALSE
882,"ADCY5.1","meth",5.89063382818053e-05,0.994365461348217,FALSE
883,"LOC100270804","exp",5.88471218286148e-05,0.994424308470046,FALSE
884,"MARS2","exp",5.87342922344528e-05,0.99448304276228,FALSE
885,"UBL7","meth",5.8667710267954e-05,0.994541710472548,FALSE
886,"C19orf36;MOBKL2A","meth",5.79124365656484e-05,0.994599622909114,FALSE
887,"AMPD1","meth",5.72941963300686e-05,0.994656917105444,FALSE
888,"RAD9B;VPS29","meth",5.72623995634109e-05,0.994714179505007,FALSE
889,"ALPK1","exp",5.72402624197744e-05,0.994771419767427,FALSE
890,"MYO7B","exp",5.67238725347041e-05,0.994828143639962,FALSE
891,"C9orf156","exp",5.62892828872899e-05,0.994884432922849,FALSE
892,"MAPK7.1","meth",5.62019686655805e-05,0.994940634891515,FALSE
893,"NEDD4.1","meth",5.60985672532828e-05,0.994996733458768,FALSE
894,"TMEM71.1","meth",5.5763903340442e-05,0.995052497362108,FALSE
895,"LOC220729","exp",5.56044728663247e-05,0.995108101834975,FALSE
896,"CRLF1","exp",5.53722074541019e-05,0.995163474042429,FALSE
897,"COL1A2","exp",5.52554352395307e-05,0.995218729477668,FALSE
898,"PDE1C.1","meth",5.48637068702212e-05,0.995273593184538,FALSE
899,"AURKB.1","meth",5.47496997684189e-05,0.995328342884307,FALSE
900,"FER","exp",5.45396405261425e-05,0.995382882524833,FALSE
901,"PSMG1.1","meth",5.42619355001199e-05,0.995437144460333,FALSE
902,"MAP7D3","exp",5.41101953690048e-05,0.995491254655702,FALSE
903,"TBRG1","meth",5.39834874261727e-05,0.995545238143128,FALSE
904,"FZD1","exp",5.33990010561559e-05,0.995598637144184,FALSE
905,"TIGD4","exp",5.33932272083476e-05,0.995652030371393,FALSE
906,"ZNF596;RPL23AP53","meth",5.33642402185418e-05,0.995705394611611,FALSE
907,"CA14","exp",5.32086589762968e-05,0.995758603270588,FALSE
908,"ARHGAP26.1","meth",5.31509692226674e-05,0.99581175423981,FALSE
909,"DGAT1.1","meth",5.26795479483407e-05,0.995864433787758,FALSE
910,"HNRNPA1;HNRPA1L-2;CBX5","meth",5.1900224667576e-05,0.995916334012426,FALSE
911,"LOC401431","exp",5.14156477906481e-05,0.995967749660217,FALSE
912,"CCDC122","exp",5.12587428674005e-05,0.996019008403084,FALSE
913,"HIST1H1E.1","meth",5.03303593004951e-05,0.996069338762385,FALSE
914,"KCNMB4.1","meth",5.03151044859972e-05,0.99611965386687,FALSE
915,"RNF135.1","meth",5.02745373176054e-05,0.996169928404188,FALSE
916,"UTP15","exp",5.0033424356596e-05,0.996219961828545,FALSE
917,"RANGRF","exp",4.90886368901507e-05,0.996269050465435,FALSE
918,"GRIK4","exp",4.89627897460073e-05,0.996318013255181,FALSE
919,"STX16","meth",4.83805812442187e-05,0.996366393836425,FALSE
920,"IGFBP2.1","meth",4.7940144662315e-05,0.996414333981087,FALSE
921,"TMEM129;TACC3","meth",4.73731909750244e-05,0.996461707172063,FALSE
922,"ALCAM.1","meth",4.73301429198457e-05,0.996509037314982,FALSE
923,"DBH","exp",4.73289410499784e-05,0.996556366256032,FALSE
924,"CLUAP1","exp",4.72845490119414e-05,0.996603650805044,FALSE
925,"CCDC149","exp",4.70237635525977e-05,0.996650674568597,FALSE
926,"F5","exp",4.68562042153916e-05,0.996697530772812,FALSE
927,"MESP2","exp",4.68117350303023e-05,0.996744342507842,FALSE
928,"C1orf107","exp",4.65638940342589e-05,0.996790906401877,FALSE
929,"IGFBP2","exp",4.64344534616271e-05,0.996837340855338,FALSE
930,"ISG20","exp",4.63639775991732e-05,0.996883704832938,FALSE
931,"PDAP1;BUD31","meth",4.61358334636912e-05,0.996929840666401,FALSE
932,"FIGN","exp",4.61081133096915e-05,0.996975948779711,FALSE
933,"TDRD3","exp",4.55670079452896e-05,0.997021515787656,FALSE
934,"ZNF611","exp",4.53825737054876e-05,0.997066898361362,FALSE
935,"ASNS","exp",4.53703357467714e-05,0.997112268697109,FALSE
936,"AKAP10.1","meth",4.53661860474324e-05,0.997157634883156,FALSE
937,"TFAP2D","meth",4.512073661001e-05,0.997202755619766,FALSE
938,"ARAP1","meth",4.42328999096405e-05,0.997246988519676,FALSE
939,"HOXA5","meth",4.33341895352691e-05,0.997290322709211,FALSE
940,"GNPTAB","exp",4.32654515116773e-05,0.997333588160723,FALSE
941,"MLLT10","exp",4.31922145968256e-05,0.997376780375319,FALSE
942,"SLC27A6","meth",4.30464147887369e-05,0.997419826790108,FALSE
943,"PPIE","meth",4.28833259201925e-05,0.997462710116028,FALSE
944,"EPM2AIP1","exp",4.26175340231922e-05,0.997505327650052,FALSE
945,"ACO1","exp",4.25599457788422e-05,0.99754788759583,FALSE
946,"ZNF625.1","meth",4.25219244631759e-05,0.997590409520294,FALSE
947,"LOC388692","exp",4.24904850091815e-05,0.997632900005303,FALSE
948,"RPTOR","meth",4.21315075937554e-05,0.997675031512896,FALSE
949,"TMEM102","exp",4.20486151162537e-05,0.997717080128013,FALSE
950,"BEX5","exp",4.18182215351417e-05,0.997758898349548,FALSE
951,"SPA17","exp",4.17470066851342e-05,0.997800645356233,FALSE
952,"OLAH.1","meth",4.148393523682e-05,0.99784212929147,FALSE
953,"PHF1","exp",4.11911987167141e-05,0.997883320490187,FALSE
954,"FAM182B","exp",4.11851812466354e-05,0.997924505671433,FALSE
955,"THOC4","exp",3.98358143361172e-05,0.997964341485769,FALSE
956,"IL17D","exp",3.98222729982544e-05,0.998004163758768,FALSE
957,"NMRAL1","exp",3.93409525390074e-05,0.998043504711307,FALSE
958,"SETD4","exp",3.93122538355549e-05,0.998082816965142,FALSE
959,"ATP6V0D2","exp",3.90846781520372e-05,0.998121901643294,FALSE
960,"PPAPDC2","exp",3.84040056492976e-05,0.998160305648943,FALSE
961,"ZKSCAN1.1","meth",3.83189652354452e-05,0.998198624614179,FALSE
962,"PLA2G15.1","meth",3.82902340490234e-05,0.998236914848228,FALSE
963,"DNAJC1","exp",3.81710215513771e-05,0.998275085869779,FALSE
964,"YEATS4","exp",3.81265077022048e-05,0.998313212377481,FALSE
965,"EDA2R","exp",3.81058282318195e-05,0.998351318205713,FALSE
966,"PLK1S1.1","meth",3.77978247161022e-05,0.998389116030429,FALSE
967,"IMMP2L.1","meth",3.77154397849972e-05,0.998426831470214,FALSE
968,"C20orf30","meth",3.66475784079197e-05,0.998463479048622,FALSE
969,"DDX43","exp",3.64713217556606e-05,0.998499950370378,FALSE
970,"DLEU1","exp",3.64655600889657e-05,0.998536415930467,FALSE
971,"SLC11A2","exp",3.5916370525558e-05,0.998572332300993,FALSE
972,"C4orf39;TRIM61","meth",3.56675225574636e-05,0.99860799982355,FALSE
973,"IFT74","exp",3.52751485891376e-05,0.998643274972139,FALSE
974,"CLEC1A.1","meth",3.51940426749521e-05,0.998678469014814,FALSE
975,"ARPM1","exp",3.4911099770116e-05,0.998713380114584,FALSE
976,"REXO2","exp",3.4768994899795e-05,0.998748149109484,FALSE
977,"RAB39.1","meth",3.43835925887734e-05,0.998782532702073,FALSE
978,"SERHL","exp",3.43190408078612e-05,0.998816851742881,FALSE
979,"TSHZ1;ZADH2","meth",3.40036291449383e-05,0.998850855372026,FALSE
980,"ACRBP","exp",3.37424193768071e-05,0.998884597791402,FALSE
981,"SEMG2","meth",3.27845108209154e-05,0.998917382302223,FALSE
982,"PRAME;LOC648691","meth",3.21405684358089e-05,0.998949522870659,FALSE
983,"P2RY10.1","meth",3.2039004341467e-05,0.998981561875001,FALSE
984,"HIST2H4A","exp",3.19716874477859e-05,0.999013533562448,FALSE
985,"HLA-DMB.1","meth",3.17944623970019e-05,0.999045328024845,FALSE
986,"SASH1.1","meth",3.12967563098852e-05,0.999076624781155,FALSE
987,"HIST1H1C","exp",3.12665471483563e-05,0.999107891328304,FALSE
988,"FAM107B.1","meth",3.08793866966167e-05,0.999138770715,FALSE
989,"C17orf56","exp",3.03948220008023e-05,0.999169165537001,FALSE
990,"FIBCD1.1","meth",3.02976715299257e-05,0.999199463208531,FALSE
991,"BCAR1","exp",3.02782609255321e-05,0.999229741469457,FALSE
992,"WDR17.1","meth",2.98162901651111e-05,0.999259557759622,FALSE
993,"ONECUT2","exp",2.9800864815024e-05,0.999289358624437,FALSE
994,"RNF13","meth",2.96076804753435e-05,0.999318966304912,FALSE
995,"LDB1.1","meth",2.94206719602176e-05,0.999348386976872,FALSE
996,"MARK3","meth",2.90884219380393e-05,0.99937747539881,FALSE
997,"LOC202181","exp",2.90389747378916e-05,0.999406514373548,FALSE
998,"NXPH4","exp",2.8843723669284e-05,0.999435358097218,FALSE
999,"LOC100302401","exp",2.83286655859585e-05,0.999463686762804,FALSE
1000,"MRPS26.1","meth",2.8104658968702e-05,0.999491791421772,FALSE
1001,"AZI2","meth",2.77876454893513e-05,0.999519579067262,FALSE
1002,"ZFP36L2","exp",2.76904381732784e-05,0.999547269505435,FALSE
1003,"LOC158696","exp",2.68361218671296e-05,0.999574105627302,FALSE
1004,"TRMT1.1","meth",2.67532111179576e-05,0.99960085883842,FALSE
1005,"ZUFSP","exp",2.67258482766211e-05,0.999627584686697,FALSE
1006,"TENC1.1","meth",2.64864467620613e-05,0.999654071133459,FALSE
1007,"STEAP3","exp",2.62382362722411e-05,0.999680309369731,FALSE
1008,"PCDHB8","exp",2.60186473388211e-05,0.99970632801707,FALSE
1009,"AZU1","exp",2.59062217515909e-05,0.999732234238822,FALSE
1010,"DDX59.1","meth",2.58366939858059e-05,0.999758070932807,FALSE
1011,"DAPL1","exp",2.56814436638115e-05,0.999783752376471,FALSE
1012,"MINPP1","exp",2.54246373682176e-05,0.999809177013839,FALSE
1013,"LOC100133985","exp",2.44133450823257e-05,0.999833590358922,FALSE
1014,"BYSL","exp",2.36477560070546e-05,0.999857238114929,FALSE
1015,"RASD1.1","meth",2.33878841312248e-05,0.99988062599906,FALSE
1016,"LRRK1","exp",2.32137510530893e-05,0.999903839750113,FALSE
1017,"MAK","exp",2.18591178411594e-05,0.999925698867954,FALSE
1018,"EXOC7","meth",2.08434058412455e-05,0.999946542273796,FALSE
1019,"INPP5E.1","meth",2.0526597410639e-05,0.999967068871206,FALSE
1020,"DNALI1.1","meth",2.02674482808781e-05,0.999987336319487,FALSE
1021,"ZNF732","exp",7.03944926156156e-06,0.999994375768749,FALSE
1022,"PER2.1","meth",5.62423125135578e-06,1,FALSE
