"split_seed","framework","split_id","n_test","tp","fp","fn","tn","f1","f1_lower_95","f1_upper_95","n_boot","n_undefined","bootstrap_seed","prevalence_cluster1","trivial_f1","auroc","average_precision","balanced_accuracy","mcc"
1234,"Steele","0",868,144,56,108,560,0.63716814159292,0.587956371804606,0.684808923569428,2000,0,47001,0.290322580645161,0.45,0.864525355596784,0.691196626918272,0.74025974025974,0.517962592941272
20261001,"Steele","1",864,134,76,113,541,0.586433260393873,0.537033929903057,0.634922349069217,2000,0,47002,0.28587962962963,0.444644464446445,0.84093071476847,0.640801651433984,0.709666730096654,0.441725076770322
20261002,"Steele","2",864,141,54,120,549,0.618421052631579,0.567032967032967,0.666666666666667,2000,0,47003,0.302083333333333,0.464,0.852900249709308,0.66460321547686,0.72533882312575,0.495010672677587
20261003,"Steele","3",864,156,63,113,532,0.639344262295082,0.590707076339709,0.683025929815666,2000,0,47004,0.311342592592593,0.474845542806708,0.844559682609103,0.702619758180129,0.737021648808222,0.504604034679841
20261004,"Steele","4",864,145,53,135,531,0.606694560669456,0.555792608801361,0.653700239449267,2000,0,47005,0.324074074074074,0.48951048951049,0.863276663405088,0.720577996030387,0.713551859099804,0.475607924067476
20261005,"Steele","5",864,143,62,121,538,0.609808102345416,0.559284116331096,0.657326630447206,2000,0,47006,0.305555555555556,0.468085106382979,0.852992424242424,0.680605429632541,0.719166666666667,0.474637938336407
20261006,"Steele","6",864,139,60,109,556,0.621923937360179,0.568710612618355,0.66949481378481,2000,0,47007,0.287037037037037,0.446043165467626,0.865560850439883,0.670306427990447,0.731540636782572,0.497549225632248
20261007,"Steele","7",864,133,61,129,541,0.583333333333333,0.529801324503311,0.628062360801782,2000,0,47008,0.303240740740741,0.465364120781528,0.846015825112221,0.679134042455746,0.703152342065887,0.447571530883017
20261008,"Steele","8",864,152,74,82,556,0.660869565217391,0.610574458997722,0.705636953666914,2000,0,47009,0.270833333333333,0.426229508196721,0.874928774928775,0.71191550230695,0.766056166056166,0.538042979061644
20261009,"Steele","9",864,139,57,118,550,0.613686534216336,0.561797752808989,0.665217626068175,2000,0,47010,0.297453703703704,0.458519179304193,0.874896633952782,0.697400307185839,0.723475791511484,0.487871130900785
20261010,"Steele","10",864,143,56,113,552,0.628571428571429,0.579565894012614,0.672749007749008,2000,0,47011,0.296296296296296,0.457142857142857,0.868928608141447,0.715988226537029,0.733244243421053,0.505912419669005
20261011,"Steele","11",864,138,60,101,565,0.631578947368421,0.577662335478374,0.678737182946573,2000,0,47012,0.27662037037037,0.43336355394379,0.865218410041841,0.686332367361612,0.740702928870293,0.512366374138422
20261012,"Steele","12",864,135,62,114,553,0.605381165919282,0.553569352159468,0.655177881460961,2000,0,47013,0.288194444444444,0.44743935309973,0.858758611682502,0.653130916538607,0.720677833284357,0.476463797987286
20261013,"Steele","13",864,135,55,132,542,0.590809628008753,0.53863243415156,0.641352090440078,2000,0,47014,0.309027777777778,0.472148541114058,0.850275095828707,0.66725231017207,0.706745337172755,0.461319451139479
20261014,"Steele","14",864,136,75,115,538,0.588744588744589,0.536467914438503,0.640872464951681,2000,0,47015,0.290509259259259,0.450224215246637,0.839539070471783,0.649031206124321,0.709741783274731,0.443286220520881
20261015,"Steele","15",864,142,49,152,521,0.585567010309278,0.531244981263383,0.636916835699797,2000,0,47016,0.340277777777778,0.507772020725389,0.859965389664638,0.716388459927709,0.698514142499105,0.453323595915932
20261016,"Steele","16",864,138,51,132,543,0.601307189542484,0.547560054804384,0.648307983942908,2000,0,47017,0.3125,0.476190476190476,0.866654196283826,0.718317307417717,0.712626262626263,0.476803261322756
20261017,"Steele","17",864,139,54,121,550,0.613686534216336,0.563623124448367,0.665168790128411,2000,0,47018,0.300925925925926,0.462633451957295,0.860767957208355,0.707221179748352,0.722605705552725,0.490265706364957
20261018,"Steele","18",864,137,79,111,537,0.59051724137931,0.53953335373317,0.639347780201224,2000,0,47019,0.287037037037037,0.446043165467626,0.8460672392124,0.647151940889114,0.712086300795978,0.443143548346042
20261019,"Steele","19",864,147,67,117,533,0.615062761506276,0.567725876274263,0.664016685740176,2000,0,47020,0.305555555555556,0.468085106382979,0.857834595959596,0.639084241836453,0.722575757575758,0.475030920605187
20261020,"Steele","20",864,146,59,107,552,0.637554585152838,0.588222394220846,0.6875,2000,0,47021,0.292824074074074,0.452999104744852,0.863109138779814,0.721468201154116,0.7402560436788,0.51400287098531
