"framework","split_id","nrounds","eta","max_depth","gamma","colsample_bytree","min_child_weight","subsample"
"Tao","0",1000,0.15,6,0,1,3,0.75
"Tao","1",1000,0.15,6,0,1,3,0.75
"Tao","2",1000,0.15,6,0,1,3,0.75
"Tao","3",1000,0.15,6,0,1,3,0.75
"Tao","4",1000,0.15,6,0,1,3,0.75
"Tao","5",1000,0.15,6,0,1,3,0.75
"Tao","6",1000,0.15,6,0,1,3,0.75
"Tao","7",1000,0.15,6,0,1,3,0.75
"Tao","8",1000,0.15,6,0,1,3,0.75
"Tao","9",1000,0.15,6,0,1,3,0.75
"Tao","10",1000,0.15,6,0,1,3,0.75
"Tao","11",1000,0.15,6,0,1,3,0.75
"Tao","12",1000,0.15,6,0,1,3,0.75
"Tao","13",1000,0.15,6,0,1,3,0.75
"Tao","14",1000,0.15,6,0,1,3,0.75
"Tao","15",1000,0.15,6,0,1,3,0.75
"Tao","16",1000,0.15,6,0,1,3,0.75
"Tao","17",1000,0.15,6,0,1,3,0.75
"Tao","18",1000,0.15,6,0,1,3,0.75
"Tao","19",1000,0.15,6,0,1,3,0.75
"Tao","20",1000,0.15,6,0,1,3,0.75
