"metric","rule","selection","pair","value","rank","n_pairs"
"state_jaccard","original","CN1_Sig1","CN1/Sig1",0.76500600240096,1,48
"state_jaccard","original","CN1_Sig2","CN1/Sig2",0.716078202509484,2,48
"state_jaccard","original","CX1_CN1","CN1/CX1",0.576041806244138,6,48
"state_jaccard","positive_q25","CN1_Sig1","CN1/Sig1",0.690185371461417,1,48
"state_jaccard","positive_q25","CN1_Sig2","CN1/Sig2",0.646186144156753,2,48
"state_jaccard","positive_q25","CX1_CN1","CN1/CX1",0.390964995269631,19,48
"state_jaccard","positive_q50","CN1_Sig1","CN1/Sig1",0.655220940050661,2,48
"state_jaccard","positive_q50","CN1_Sig2","CN1/Sig2",0.68076593312375,1,48
"state_jaccard","positive_q50","CX1_CN1","CN1/CX1",0.464574772755572,15,48
"state_jaccard","positive_q75","CN1_Sig1","CN1/Sig1",0.802329144958627,2,48
"state_jaccard","positive_q75","CN1_Sig2","CN1/Sig2",0.834659179535174,1,48
"state_jaccard","positive_q75","CX1_CN1","CN1/CX1",0.659424379232506,17,48
"active_jaccard","original","CN1_Sig1","CN1/Sig1",0.720057204147301,1,48
"active_jaccard","original","CN1_Sig2","CN1/Sig2",0.655940594059406,2,48
"active_jaccard","original","CX1_CN1","CN1/CX1",0.545402298850575,5,48
"active_jaccard","positive_q25","CN1_Sig1","CN1/Sig1",0.605850091407678,1,48
"active_jaccard","positive_q25","CN1_Sig2","CN1/Sig2",0.572250423011844,2,48
"active_jaccard","positive_q25","CX1_CN1","CN1/CX1",0.412502851927903,14,48
"active_jaccard","positive_q50","CN1_Sig1","CN1/Sig1",0.295166858457998,10,48
"active_jaccard","positive_q50","CN1_Sig2","CN1/Sig2",0.337091988130564,6,48
"active_jaccard","positive_q50","CX1_CN1","CN1/CX1",0.259131633356306,13,48
"active_jaccard","positive_q75","CN1_Sig1","CN1/Sig1",0.161248374512354,11,48
"active_jaccard","positive_q75","CN1_Sig2","CN1/Sig2",0.165354330708661,10,48
"active_jaccard","positive_q75","CX1_CN1","CN1/CX1",0.19479653102068,7,48
