"selection","rule","signature1","signature2","framework1","framework2","cross_framework","high_activity_pair","n","n_concordant","n11","n00","n10","n01","state_jaccard","active_share_of_agreements","inactive_share_of_agreements","active_jaccard","expected_n11","observed_expected_n11","cohen_kappa","active_prevalence1","active_prevalence2"
"CN1_Sig1","original","Sig1","CN1","Tao","Steele",TRUE,TRUE,5881,5098,2014,3084,342,441,0.76500600240096,0.395056885052962,0.604943114947038,0.720057204147301,983.502805645298,2.04778266868143,0.72468300109575,0.400612140792382,0.417446012582894
"CN1_Sig1","positive_q25","Sig1","CN1","Tao","Steele",TRUE,TRUE,5881,4803,1657,3146,899,179,0.690185371461417,0.344992712887778,0.655007287112222,0.605850091407678,797.962251317803,2.07653933160814,0.614459623491521,0.434619962591396,0.312191804114946
"CN1_Sig1","positive_q50","Sig1","CN1","Tao","Steele",TRUE,TRUE,5881,4656,513,4143,973,252,0.655220940050661,0.110180412371134,0.889819587628866,0.295166858457998,193.298758714504,2.65392288813237,0.342953031090831,0.252678115966672,0.130079918381228
"CN1_Sig1","positive_q75","Sig1","CN1","Tao","Steele",TRUE,TRUE,5881,5236,124,5112,450,195,0.802329144958627,0.0236822001527884,0.976317799847212,0.161248374512354,31.1351810916511,3.98263301038743,0.223574108063398,0.0976024485631695,0.054242475769427
"CN1_Sig2","original","Sig2","CN1","Tao","Steele",TRUE,TRUE,5881,4908,1855,3053,373,600,0.716078202509484,0.377954360228199,0.622045639771801,0.655940594059406,930.069716034688,1.99447414319511,0.655314183401809,0.378847134841013,0.417446012582894
"CN1_Sig2","positive_q25","Sig2","CN1","Tao","Steele",TRUE,TRUE,5881,4617,1691,2926,1119,145,0.646186144156753,0.366255144032922,0.633744855967078,0.572250423011844,877.258969563,1.92759499608463,0.562853936704718,0.477809896276144,0.312191804114946
"CN1_Sig2","positive_q50","Sig2","CN1","Tao","Steele",TRUE,TRUE,5881,4764,568,4196,920,197,0.68076593312375,0.119227539882452,0.880772460117548,0.337091988130564,193.558918551267,2.93450699276126,0.401355550628423,0.253018194184662,0.130079918381228
"CN1_Sig2","positive_q75","Sig2","CN1","Tao","Steele",TRUE,TRUE,5881,5351,105,5246,316,214,0.834659179535174,0.0196225004672024,0.980377499532798,0.165354330708661,22.8360822989288,4.59798658217857,0.236671824206741,0.071586464886924,0.054242475769427
"CX1_CN1","original","CX1","CN1","Drews","Steele",TRUE,TRUE,5881,4299,1898,2401,1025,557,0.576041806244138,0.441498022795999,0.558501977204001,0.545402298850575,1220.1946947798,1.55548947075411,0.461467086761771,0.497024315592586,0.417446012582894
"CX1_CN1","positive_q25","CX1","CN1","Drews","Steele",TRUE,TRUE,5881,3306,1808,1498,2547,28,0.390964995269631,0.546884452510587,0.453115547489413,0.412502851927903,1359.59530692059,1.32980747344224,0.258311815658474,0.740520319673525,0.312191804114946
"CX1_CN1","positive_q50","CX1","CN1","Drews","Steele",TRUE,TRUE,5881,3731,752,2979,2137,13,0.464574772755572,0.201554543017958,0.798445456982042,0.259131633356306,375.800884203367,2.00105968774957,0.259233286253844,0.491242985886754,0.130079918381228
"CX1_CN1","positive_q75","CX1","CN1","Drews","Steele",TRUE,TRUE,5881,4674,292,4382,1180,27,0.659424379232506,0.0624732563115105,0.93752674368849,0.19479653102068,79.8449243325965,3.65708906910181,0.260103911563119,0.250297568440741,0.054242475769427
"CN1_CN2","original","CN1","CN2","Steele","Steele",FALSE,TRUE,5881,1531,487,1044,1968,2382,0.149643241129899,0.318092749836708,0.681907250163292,0.100682241058507,1197.65261010032,0.406628763543717,-0.485303292785608,0.417446012582894,0.487842203706853
"CN1_CN2","positive_q25","CN1","CN2","Steele","Steele",FALSE,TRUE,5881,2297,167,2130,1669,1915,0.242683571051241,0.0727035263387027,0.927296473661297,0.0445214609437483,649.983336167318,0.256929663742965,-0.368966530000609,0.312191804114946,0.354021424927733
"CN1_CN2","positive_q50","CN1","CN2","Steele","Steele",FALSE,TRUE,5881,3748,0,3748,765,1368,0.467681557274769,0,1,0,177.94932834552,0,-0.200269195693902,0.130079918381228,0.232613501105254
"CN1_CN2","positive_q75","CN1","CN2","Steele","Steele",FALSE,TRUE,5881,4887,0,4887,319,675,0.710836363636364,0,1,0,36.6136711443632,0,-0.0795281459277309,0.054242475769427,0.114776398571671
"CN4_CN10","original","CN4","CN10","Steele","Steele",FALSE,FALSE,5881,5829,0,5829,12,40,0.982470925332884,0,1,0,0.0816187723176331,0,-0.00314906905646308,0.00204046930794083,0.00680156435980275
"CN4_CN10","positive_q25","CN4","CN10","Steele","Steele",FALSE,FALSE,5881,5841,0,5841,10,30,0.986488768789056,0,1,0,0.0510117326985207,0,-0.00255710876236788,0.00170039108995069,0.00510117326985207
"CN4_CN10","positive_q50","CN4","CN10","Steele","Steele",FALSE,FALSE,5881,5853,0,5853,7,21,0.990522931122017,0,1,0,0.0249957490222751,0,-0.00178860403713983,0.00119027376296548,0.00357082128889645
"CN4_CN10","positive_q75","CN4","CN10","Steele","Steele",FALSE,FALSE,5881,5866,0,5866,3,12,0.994911804613297,0,1,0,0.00612140792382248,0,-0.000816854429757148,0.000510117326985207,0.00204046930794083
