"framework","split_id","fold","training_ids_hash","stage","feature_type","n_features"
"Steele","0","outer_refit","4feb8c4e82c3e5d595b7e0f2e6542dd38ac1281fab800ed3eff84e4135ebd344","archived_unchanged","expression",12611
"Steele","0","outer_refit","4feb8c4e82c3e5d595b7e0f2e6542dd38ac1281fab800ed3eff84e4135ebd344","archived_unchanged","methylation",0
"Steele","0","outer_refit","4feb8c4e82c3e5d595b7e0f2e6542dd38ac1281fab800ed3eff84e4135ebd344","archived_unchanged","other",0
"Steele","1","outer_refit","5b57c9fd09e5b607bd621da3b56a0184ab46b6eccb0ae4323dc84352b17403a3","archived_unchanged","expression",12611
"Steele","1","outer_refit","5b57c9fd09e5b607bd621da3b56a0184ab46b6eccb0ae4323dc84352b17403a3","archived_unchanged","methylation",0
"Steele","1","outer_refit","5b57c9fd09e5b607bd621da3b56a0184ab46b6eccb0ae4323dc84352b17403a3","archived_unchanged","other",0
"Steele","2","outer_refit","b98d4f5ad22298d98ff3274359e2adffdc0502541dd2a243383c256af74eea69","archived_unchanged","expression",12611
"Steele","2","outer_refit","b98d4f5ad22298d98ff3274359e2adffdc0502541dd2a243383c256af74eea69","archived_unchanged","methylation",0
"Steele","2","outer_refit","b98d4f5ad22298d98ff3274359e2adffdc0502541dd2a243383c256af74eea69","archived_unchanged","other",0
"Steele","3","outer_refit","ff41c684d2d19a5f6b4e53cb22e89b536a87af654d0adcc7ad03151be5a4bf3a","archived_unchanged","expression",12611
"Steele","3","outer_refit","ff41c684d2d19a5f6b4e53cb22e89b536a87af654d0adcc7ad03151be5a4bf3a","archived_unchanged","methylation",0
"Steele","3","outer_refit","ff41c684d2d19a5f6b4e53cb22e89b536a87af654d0adcc7ad03151be5a4bf3a","archived_unchanged","other",0
"Steele","4","outer_refit","4d34ed72371b07ec1facf38c86a7b34669683538ec9370fba848eda3d7a6bc40","archived_unchanged","expression",12611
"Steele","4","outer_refit","4d34ed72371b07ec1facf38c86a7b34669683538ec9370fba848eda3d7a6bc40","archived_unchanged","methylation",0
"Steele","4","outer_refit","4d34ed72371b07ec1facf38c86a7b34669683538ec9370fba848eda3d7a6bc40","archived_unchanged","other",0
"Steele","5","outer_refit","5d25a88ca8b6b174781770409ce6d1ae43dfba4f25a47ff781c58b75bff685ed","archived_unchanged","expression",12611
"Steele","5","outer_refit","5d25a88ca8b6b174781770409ce6d1ae43dfba4f25a47ff781c58b75bff685ed","archived_unchanged","methylation",0
"Steele","5","outer_refit","5d25a88ca8b6b174781770409ce6d1ae43dfba4f25a47ff781c58b75bff685ed","archived_unchanged","other",0
"Steele","6","outer_refit","3ae8923f18bc740da67c5517cfb8818211df3743cdc7eac9a3966bed883cff74","archived_unchanged","expression",12611
"Steele","6","outer_refit","3ae8923f18bc740da67c5517cfb8818211df3743cdc7eac9a3966bed883cff74","archived_unchanged","methylation",0
"Steele","6","outer_refit","3ae8923f18bc740da67c5517cfb8818211df3743cdc7eac9a3966bed883cff74","archived_unchanged","other",0
"Steele","7","outer_refit","53af3688d0dc0b15653629738430a2d082eb36b713d7a4d5baa612b69b7c47af","archived_unchanged","expression",12611
"Steele","7","outer_refit","53af3688d0dc0b15653629738430a2d082eb36b713d7a4d5baa612b69b7c47af","archived_unchanged","methylation",0
"Steele","7","outer_refit","53af3688d0dc0b15653629738430a2d082eb36b713d7a4d5baa612b69b7c47af","archived_unchanged","other",0
"Steele","8","outer_refit","575ff789790abef1238ff1010c3afe916cece4c2ba89f48e1e763a5cfb8a0719","archived_unchanged","expression",12611
"Steele","8","outer_refit","575ff789790abef1238ff1010c3afe916cece4c2ba89f48e1e763a5cfb8a0719","archived_unchanged","methylation",0
"Steele","8","outer_refit","575ff789790abef1238ff1010c3afe916cece4c2ba89f48e1e763a5cfb8a0719","archived_unchanged","other",0
"Steele","9","outer_refit","74cdda2b8173d1e72896dc97dfa25f824b4a723ca68c26a37cfdb3a0b7c50494","archived_unchanged","expression",12611
"Steele","9","outer_refit","74cdda2b8173d1e72896dc97dfa25f824b4a723ca68c26a37cfdb3a0b7c50494","archived_unchanged","methylation",0
"Steele","9","outer_refit","74cdda2b8173d1e72896dc97dfa25f824b4a723ca68c26a37cfdb3a0b7c50494","archived_unchanged","other",0
"Steele","10","outer_refit","8120ee187d20550471167201b543534f14178635fc3427f2d9489bbbb7e1c9cf","archived_unchanged","expression",12611
"Steele","10","outer_refit","8120ee187d20550471167201b543534f14178635fc3427f2d9489bbbb7e1c9cf","archived_unchanged","methylation",0
"Steele","10","outer_refit","8120ee187d20550471167201b543534f14178635fc3427f2d9489bbbb7e1c9cf","archived_unchanged","other",0
"Steele","11","outer_refit","fad9023be39eeed0606faa0b9d06927581bed7aed41ac192d66fe78b36af0f16","archived_unchanged","expression",12611
"Steele","11","outer_refit","fad9023be39eeed0606faa0b9d06927581bed7aed41ac192d66fe78b36af0f16","archived_unchanged","methylation",0
"Steele","11","outer_refit","fad9023be39eeed0606faa0b9d06927581bed7aed41ac192d66fe78b36af0f16","archived_unchanged","other",0
"Steele","12","outer_refit","5443610232c693f6682bf895dfbc4470aa6921ce3e1b781b17571298fd6310d3","archived_unchanged","expression",12611
"Steele","12","outer_refit","5443610232c693f6682bf895dfbc4470aa6921ce3e1b781b17571298fd6310d3","archived_unchanged","methylation",0
"Steele","12","outer_refit","5443610232c693f6682bf895dfbc4470aa6921ce3e1b781b17571298fd6310d3","archived_unchanged","other",0
"Steele","13","outer_refit","77f7aed21d734d35a2ce7b774043c76f570dc85b33fd5b5fd10fa54f8ea37098","archived_unchanged","expression",12611
"Steele","13","outer_refit","77f7aed21d734d35a2ce7b774043c76f570dc85b33fd5b5fd10fa54f8ea37098","archived_unchanged","methylation",0
"Steele","13","outer_refit","77f7aed21d734d35a2ce7b774043c76f570dc85b33fd5b5fd10fa54f8ea37098","archived_unchanged","other",0
"Steele","14","outer_refit","d10b8aad6bea448358d308fcadc71820798f66898f55eb6eb3b0893695e20ed6","archived_unchanged","expression",12611
"Steele","14","outer_refit","d10b8aad6bea448358d308fcadc71820798f66898f55eb6eb3b0893695e20ed6","archived_unchanged","methylation",0
"Steele","14","outer_refit","d10b8aad6bea448358d308fcadc71820798f66898f55eb6eb3b0893695e20ed6","archived_unchanged","other",0
"Steele","15","outer_refit","f10ddcba1a8c3c8ea4f96792dbf03de55c19ae794087732f7181c502a9ccff65","archived_unchanged","expression",12611
"Steele","15","outer_refit","f10ddcba1a8c3c8ea4f96792dbf03de55c19ae794087732f7181c502a9ccff65","archived_unchanged","methylation",0
"Steele","15","outer_refit","f10ddcba1a8c3c8ea4f96792dbf03de55c19ae794087732f7181c502a9ccff65","archived_unchanged","other",0
"Steele","16","outer_refit","a7a6f693f63a624bbdbfdeb757a282cf6faf5608589f589e9dd9bc9cdba6ff74","archived_unchanged","expression",12611
"Steele","16","outer_refit","a7a6f693f63a624bbdbfdeb757a282cf6faf5608589f589e9dd9bc9cdba6ff74","archived_unchanged","methylation",0
"Steele","16","outer_refit","a7a6f693f63a624bbdbfdeb757a282cf6faf5608589f589e9dd9bc9cdba6ff74","archived_unchanged","other",0
"Steele","17","outer_refit","1de7c2db47427ecd7de985b661070af8332cc0ff86b2c26bac4270c242e44748","archived_unchanged","expression",12611
"Steele","17","outer_refit","1de7c2db47427ecd7de985b661070af8332cc0ff86b2c26bac4270c242e44748","archived_unchanged","methylation",0
"Steele","17","outer_refit","1de7c2db47427ecd7de985b661070af8332cc0ff86b2c26bac4270c242e44748","archived_unchanged","other",0
"Steele","18","outer_refit","69ff91b206c49fd2b85ff34ae9f408cb41d796d1eb8abd1b3fc909709d549fcf","archived_unchanged","expression",12611
"Steele","18","outer_refit","69ff91b206c49fd2b85ff34ae9f408cb41d796d1eb8abd1b3fc909709d549fcf","archived_unchanged","methylation",0
"Steele","18","outer_refit","69ff91b206c49fd2b85ff34ae9f408cb41d796d1eb8abd1b3fc909709d549fcf","archived_unchanged","other",0
"Steele","19","outer_refit","223afec47568371ef6b67c0e13a921ce34033e4ecdd68cd11e4db1a4a7516795","archived_unchanged","expression",12611
"Steele","19","outer_refit","223afec47568371ef6b67c0e13a921ce34033e4ecdd68cd11e4db1a4a7516795","archived_unchanged","methylation",0
"Steele","19","outer_refit","223afec47568371ef6b67c0e13a921ce34033e4ecdd68cd11e4db1a4a7516795","archived_unchanged","other",0
"Steele","20","outer_refit","e52b7183b2f49fcc6ba037a2030398aa462fe50c7bf032bcda9ac7d0d789427d","archived_unchanged","expression",12611
"Steele","20","outer_refit","e52b7183b2f49fcc6ba037a2030398aa462fe50c7bf032bcda9ac7d0d789427d","archived_unchanged","methylation",0
"Steele","20","outer_refit","e52b7183b2f49fcc6ba037a2030398aa462fe50c7bf032bcda9ac7d0d789427d","archived_unchanged","other",0
