"framework","endpoint","cluster","time","n_risk"
"Drews","OS","1",0,2629
"Drews","OS","1",3000,137
"Drews","OS","1",6000,12
"Drews","OS","1",9000,1
"Drews","OS","1",12000,0
"Drews","OS","2",0,740
"Drews","OS","2",3000,56
"Drews","OS","2",6000,5
"Drews","OS","2",9000,1
"Drews","OS","2",12000,0
"Drews","OS","3",0,797
"Drews","OS","3",3000,49
"Drews","OS","3",6000,7
"Drews","OS","3",9000,1
"Drews","OS","3",12000,0
"Drews","OS","4",0,2041
"Drews","OS","4",3000,110
"Drews","OS","4",6000,16
"Drews","OS","4",9000,2
"Drews","OS","4",12000,0
"Drews","PFI","1",0,2629
"Drews","PFI","1",3000,99
"Drews","PFI","1",6000,8
"Drews","PFI","1",9000,0
"Drews","PFI","1",12000,0
"Drews","PFI","2",0,730
"Drews","PFI","2",3000,46
"Drews","PFI","2",6000,4
"Drews","PFI","2",9000,0
"Drews","PFI","2",12000,0
"Drews","PFI","3",0,796
"Drews","PFI","3",3000,30
"Drews","PFI","3",6000,4
"Drews","PFI","3",9000,1
"Drews","PFI","3",12000,0
"Drews","PFI","4",0,2032
"Drews","PFI","4",3000,65
"Drews","PFI","4",6000,8
"Drews","PFI","4",9000,2
"Drews","PFI","4",12000,0
"Steele","OS","1",0,1617
"Steele","OS","1",3000,72
"Steele","OS","1",6000,5
"Steele","OS","1",9000,1
"Steele","OS","1",12000,0
"Steele","OS","2",0,3628
"Steele","OS","2",3000,194
"Steele","OS","2",6000,14
"Steele","OS","2",9000,2
"Steele","OS","2",12000,0
"Steele","OS","3",0,1647
"Steele","OS","3",3000,87
"Steele","OS","3",6000,6
"Steele","OS","3",9000,0
"Steele","OS","3",12000,0
"Steele","OS","4",0,2609
"Steele","OS","4",3000,167
"Steele","OS","4",6000,25
"Steele","OS","4",9000,4
"Steele","OS","4",12000,0
"Steele","PFI","1",0,1610
"Steele","PFI","1",3000,47
"Steele","PFI","1",6000,3
"Steele","PFI","1",9000,1
"Steele","PFI","1",12000,0
"Steele","PFI","2",0,3536
"Steele","PFI","2",3000,151
"Steele","PFI","2",6000,7
"Steele","PFI","2",9000,0
"Steele","PFI","2",12000,0
"Steele","PFI","3",0,1646
"Steele","PFI","3",3000,56
"Steele","PFI","3",6000,6
"Steele","PFI","3",9000,0
"Steele","PFI","3",12000,0
"Steele","PFI","4",0,2599
"Steele","PFI","4",3000,118
"Steele","PFI","4",6000,16
"Steele","PFI","4",9000,2
"Steele","PFI","4",12000,0
"Tao","OS","1",0,1939
"Tao","OS","1",2500,156
"Tao","OS","1",5000,7
"Tao","OS","1",7500,0
"Tao","OS","1",10000,0
"Tao","OS","2",0,6184
"Tao","OS","2",2500,493
"Tao","OS","2",5000,35
"Tao","OS","2",7500,5
"Tao","OS","2",10000,0
"Tao","OS","3",0,2110
"Tao","OS","3",2500,181
"Tao","OS","3",5000,22
"Tao","OS","3",7500,1
"Tao","OS","3",10000,0
"Tao","PFI","1",0,1929
"Tao","PFI","1",2000,187
"Tao","PFI","1",4000,17
"Tao","PFI","1",6000,3
"Tao","PFI","1",8000,0
"Tao","PFI","2",0,6011
"Tao","PFI","2",2000,630
"Tao","PFI","2",4000,69
"Tao","PFI","2",6000,8
"Tao","PFI","2",8000,3
"Tao","PFI","3",0,2110
"Tao","PFI","3",2000,200
"Tao","PFI","3",4000,34
"Tao","PFI","3",6000,11
"Tao","PFI","3",8000,0
