"variant","split_seed","framework","split_id","n_test","tp","fp","fn","tn","f1","f1_lower_95","f1_upper_95","n_boot","n_undefined","bootstrap_seed","prevalence_cluster1","trivial_f1","auroc","average_precision","balanced_accuracy","mcc"
"archived",1234,"Drews","0",567,408,43,22,94,0.92622020431328,0.908876064527342,0.942266019493483,2000,0,47001,0.758377425044092,0.86258776328987,0.948243082668477,0.98396676318552,0.81748429808182,0.67379765099596
"archived",20261001,"Drews","1",549,402,45,27,75,0.917808219178082,0.9,0.934684684684685,2000,0,47002,0.781420765027322,0.877300613496933,0.936052836052836,0.980931711556746,0.781031468531469,0.597242039893224
"archived",20261002,"Drews","2",549,400,36,20,93,0.934579439252336,0.917951954692882,0.950173812282735,2000,0,47003,0.765027322404372,0.86687306501548,0.959449981543005,0.98721388661455,0.836655592469546,0.706078297501206
"archived",20261003,"Drews","3",549,417,33,14,85,0.946651532349603,0.931506849315068,0.959908361970218,2000,0,47004,0.785063752276867,0.879591836734694,0.957489480514373,0.987341658574992,0.843928192221479,0.734942829677864
"archived",20261004,"Drews","4",549,410,40,17,82,0.935005701254276,0.919408388561386,0.950116200326284,2000,0,47005,0.777777777777778,0.875,0.953526317810112,0.986991886390858,0.81615925058548,0.683763458757828
"archived",20261005,"Drews","5",549,402,51,15,81,0.924137931034483,0.906972060909358,0.9406526208654,2000,0,47006,0.759562841530055,0.863354037267081,0.951457016205218,0.984787499000038,0.78883257030739,0.649899849294172
"archived",20261006,"Drews","6",549,404,37,26,82,0.927669345579793,0.911627105972819,0.943188245577951,2000,0,47007,0.783242258652095,0.878447395301328,0.934864178229431,0.981818994287183,0.814305256986515,0.651565644073828
"archived",20261007,"Drews","7",549,404,44,15,86,0.931949250288351,0.915604086949442,0.947976878612717,2000,0,47008,0.763205828779599,0.865702479338843,0.956581604552965,0.986498553239946,0.812869469432715,0.686550005729425
"archived",20261008,"Drews","8",549,408,40,22,79,0.929384965831435,0.914087792135094,0.944691949097584,2000,0,47009,0.783242258652095,0.878447395301328,0.950732851280047,0.986428620635685,0.806351377760407,0.65156515115241
"archived",20261009,"Drews","9",549,392,45,20,92,0.923439340400471,0.905982905982906,0.940214516361243,2000,0,47010,0.750455373406193,0.857440166493236,0.942668839912125,0.981566311766847,0.81149457869747,0.669020845723066
"archived",20261010,"Drews","10",549,406,42,21,80,0.928,0.910958324967954,0.943949323341459,2000,0,47011,0.777777777777778,0.875,0.95254731830921,0.986692332480108,0.80327868852459,0.65082772887552
"archived",20261011,"Drews","11",549,402,45,23,79,0.922018348623853,0.904204017585578,0.938496583143508,2000,0,47012,0.774134790528233,0.872689938398357,0.94426944971537,0.983891735554621,0.791489563567362,0.626764609382868
"archived",20261012,"Drews","12",549,411,36,22,80,0.934090909090909,0.918855551872721,0.949608062709966,2000,0,47013,0.788706739526412,0.881873727087576,0.948335589710918,0.985761517496395,0.819423429163017,0.670526364717087
"archived",20261013,"Drews","13",549,403,26,29,91,0.936120789779326,0.920370034414135,0.951162790697674,2000,0,47014,0.786885245901639,0.880733944954128,0.948915796138018,0.985094162639894,0.855324074074074,0.704158074778735
"archived",20261014,"Drews","14",549,404,52,15,78,0.923428571428571,0.906178489702517,0.939536444513813,2000,0,47015,0.763205828779599,0.865702479338843,0.946374150908757,0.983367661391051,0.782100238663485,0.639422981613499
"archived",20261015,"Drews","15",549,411,37,11,90,0.944827586206897,0.930124600485425,0.959000051770553,2000,0,47016,0.768670309653916,0.869207003089598,0.947531440086577,0.982836601686453,0.841297533305967,0.742884910784049
"archived",20261016,"Drews","16",549,415,33,19,82,0.941043083900227,0.925581395348837,0.954853273137698,2000,0,47017,0.790528233151184,0.883011190233978,0.957563614506111,0.989009095823915,0.834632338208776,0.702897493625294
"archived",20261017,"Drews","17",549,410,40,15,84,0.937142857142857,0.921830054949431,0.951631046119235,2000,0,47018,0.774134790528233,0.872689938398357,0.950891840607211,0.98539448713788,0.821062618595825,0.698395114333838
"archived",20261018,"Drews","18",549,411,41,16,81,0.935153583617747,0.919619711420885,0.949192578091145,2000,0,47019,0.777777777777778,0.875,0.947777095250893,0.984014030227649,0.813231850117096,0.682864726350486
"archived",20261019,"Drews","19",549,408,35,18,88,0.939010356731876,0.92411901501844,0.952915119984761,2000,0,47020,0.775956284153005,0.873846153846154,0.948623993282186,0.984644979518884,0.836596816672392,0.711119453703271
"archived",20261020,"Drews","20",549,412,36,22,79,0.934240362811791,0.918296892980437,0.94915441314027,2000,0,47021,0.790528233151184,0.883011190233978,0.945842516529754,0.985574815065635,0.81813263874975,0.66823976312202
"archived",1234,"Steele","0",868,144,56,108,560,0.63716814159292,0.587956371804606,0.684808923569428,2000,0,47001,0.290322580645161,0.45,0.864525355596784,0.691196626918272,0.74025974025974,0.517962592941272
"archived",20261001,"Steele","1",864,134,76,113,541,0.586433260393873,0.537033929903057,0.634922349069217,2000,0,47002,0.28587962962963,0.444644464446445,0.84093071476847,0.640801651433984,0.709666730096654,0.441725076770322
"archived",20261002,"Steele","2",864,141,54,120,549,0.618421052631579,0.567032967032967,0.666666666666667,2000,0,47003,0.302083333333333,0.464,0.852900249709308,0.66460321547686,0.72533882312575,0.495010672677587
"archived",20261003,"Steele","3",864,156,63,113,532,0.639344262295082,0.590707076339709,0.683025929815666,2000,0,47004,0.311342592592593,0.474845542806708,0.844559682609103,0.702619758180129,0.737021648808222,0.504604034679841
"archived",20261004,"Steele","4",864,145,53,135,531,0.606694560669456,0.555792608801361,0.653700239449267,2000,0,47005,0.324074074074074,0.48951048951049,0.863276663405088,0.720577996030387,0.713551859099804,0.475607924067476
"archived",20261005,"Steele","5",864,143,62,121,538,0.609808102345416,0.559284116331096,0.657326630447206,2000,0,47006,0.305555555555556,0.468085106382979,0.852992424242424,0.680605429632541,0.719166666666667,0.474637938336407
"archived",20261006,"Steele","6",864,139,60,109,556,0.621923937360179,0.568710612618355,0.66949481378481,2000,0,47007,0.287037037037037,0.446043165467626,0.865560850439883,0.670306427990447,0.731540636782572,0.497549225632248
"archived",20261007,"Steele","7",864,133,61,129,541,0.583333333333333,0.529801324503311,0.628062360801782,2000,0,47008,0.303240740740741,0.465364120781528,0.846015825112221,0.679134042455746,0.703152342065887,0.447571530883017
"archived",20261008,"Steele","8",864,152,74,82,556,0.660869565217391,0.610574458997722,0.705636953666914,2000,0,47009,0.270833333333333,0.426229508196721,0.874928774928775,0.71191550230695,0.766056166056166,0.538042979061644
"archived",20261009,"Steele","9",864,139,57,118,550,0.613686534216336,0.561797752808989,0.665217626068175,2000,0,47010,0.297453703703704,0.458519179304193,0.874896633952782,0.697400307185839,0.723475791511484,0.487871130900785
"archived",20261010,"Steele","10",864,143,56,113,552,0.628571428571429,0.579565894012614,0.672749007749008,2000,0,47011,0.296296296296296,0.457142857142857,0.868928608141447,0.715988226537029,0.733244243421053,0.505912419669005
"archived",20261011,"Steele","11",864,138,60,101,565,0.631578947368421,0.577662335478374,0.678737182946573,2000,0,47012,0.27662037037037,0.43336355394379,0.865218410041841,0.686332367361612,0.740702928870293,0.512366374138422
"archived",20261012,"Steele","12",864,135,62,114,553,0.605381165919282,0.553569352159468,0.655177881460961,2000,0,47013,0.288194444444444,0.44743935309973,0.858758611682502,0.653130916538607,0.720677833284357,0.476463797987286
"archived",20261013,"Steele","13",864,135,55,132,542,0.590809628008753,0.53863243415156,0.641352090440078,2000,0,47014,0.309027777777778,0.472148541114058,0.850275095828707,0.66725231017207,0.706745337172755,0.461319451139479
"archived",20261014,"Steele","14",864,136,75,115,538,0.588744588744589,0.536467914438503,0.640872464951681,2000,0,47015,0.290509259259259,0.450224215246637,0.839539070471783,0.649031206124321,0.709741783274731,0.443286220520881
"archived",20261015,"Steele","15",864,142,49,152,521,0.585567010309278,0.531244981263383,0.636916835699797,2000,0,47016,0.340277777777778,0.507772020725389,0.859965389664638,0.716388459927709,0.698514142499105,0.453323595915932
"archived",20261016,"Steele","16",864,138,51,132,543,0.601307189542484,0.547560054804384,0.648307983942908,2000,0,47017,0.3125,0.476190476190476,0.866654196283826,0.718317307417717,0.712626262626263,0.476803261322756
"archived",20261017,"Steele","17",864,139,54,121,550,0.613686534216336,0.563623124448367,0.665168790128411,2000,0,47018,0.300925925925926,0.462633451957295,0.860767957208355,0.707221179748352,0.722605705552725,0.490265706364957
"archived",20261018,"Steele","18",864,137,79,111,537,0.59051724137931,0.53953335373317,0.639347780201224,2000,0,47019,0.287037037037037,0.446043165467626,0.8460672392124,0.647151940889114,0.712086300795978,0.443143548346042
"archived",20261019,"Steele","19",864,147,67,117,533,0.615062761506276,0.567725876274263,0.664016685740176,2000,0,47020,0.305555555555556,0.468085106382979,0.857834595959596,0.639084241836453,0.722575757575758,0.475030920605187
"archived",20261020,"Steele","20",864,146,59,107,552,0.637554585152838,0.588222394220846,0.6875,2000,0,47021,0.292824074074074,0.452999104744852,0.863109138779814,0.721468201154116,0.7402560436788,0.51400287098531
"archived",1234,"Tao","0",1219,172,42,154,851,0.637037037037037,0.587590175807322,0.681193406633481,2000,0,47001,0.267432321575062,0.422006472491909,0.87688840951092,0.761576556398735,0.740287443579579,0.559120845966142
"archived",20261001,"Tao","1",1206,183,44,168,811,0.633217993079585,0.589506925226206,0.674507019707354,2000,0,47002,0.291044776119403,0.450867052023121,0.882777694473601,0.754213085474556,0.734952766531714,0.546063187578952
"archived",20261002,"Tao","2",1206,169,45,165,827,0.616788321167883,0.569811320754717,0.663251801138399,2000,0,47003,0.276948590381426,0.433766233766234,0.875961379992309,0.7540039736406,0.72719125968247,0.532218992271295
"archived",20261003,"Tao","3",1206,170,37,139,860,0.65891472868217,0.607801173040489,0.704951964584213,2000,0,47004,0.256218905472637,0.407920792079208,0.904168154906863,0.793533294551827,0.754456602915868,0.589184434689788
"archived",20261004,"Tao","4",1206,167,50,168,821,0.605072463768116,0.556576939543973,0.650824291725712,2000,0,47005,0.277777777777778,0.434782608695652,0.871538975615607,0.743439615740478,0.720551090700344,0.514330967676102
"archived",20261005,"Tao","5",1206,161,54,146,845,0.616858237547893,0.565881400183726,0.664064353059772,2000,0,47006,0.254560530679934,0.405816259087905,0.871946027616642,0.714073413336748,0.732181613301787,0.528507064206482
"archived",20261006,"Tao","6",1206,178,50,148,830,0.642599277978339,0.595999451553931,0.687287894165198,2000,0,47007,0.270315091210614,0.425587467362924,0.884843837144451,0.745254042276252,0.744597044060234,0.554874140343986
"archived",20261007,"Tao","7",1206,173,40,147,846,0.649155722326454,0.597743280615331,0.694280589876445,2000,0,47008,0.265339966832504,0.419397116644823,0.892854119638826,0.754895086665781,0.747739136568849,0.573656659269482
"archived",20261008,"Tao","8",1206,179,48,153,826,0.640429338103757,0.593104650105569,0.683185840707965,2000,0,47009,0.275290215588723,0.431729518855657,0.883329657301977,0.754325266691207,0.742118359019602,0.553322335172437
"archived",20261009,"Tao","9",1206,152,37,161,856,0.605577689243028,0.556226255520801,0.650760079881555,2000,0,47010,0.259535655058043,0.41211323238973,0.886626190927662,0.770538517838548,0.722094816267097,0.535642387931267
"archived",20261010,"Tao","10",1206,178,41,142,845,0.660482374768089,0.614792775263,0.704341274078028,2000,0,47011,0.265339966832504,0.419397116644823,0.901844667042889,0.794691032294262,0.75498730248307,0.584063096456093
"archived",20261011,"Tao","11",1206,173,52,134,847,0.650375939849624,0.602310590372874,0.694189123627222,2000,0,47012,0.254560530679934,0.405816259087905,0.895283576032725,0.770066701074053,0.752837934295435,0.56545168162302
"archived",20261012,"Tao","12",1206,174,45,153,834,0.637362637362637,0.588455882352941,0.68259590560769,2000,0,47013,0.271144278606965,0.426614481409002,0.877686278193527,0.731340325341334,0.740457776246986,0.554570165893657
"archived",20261013,"Tao","13",1206,184,42,149,831,0.658318425760286,0.615093406711525,0.701439582428674,2000,0,47014,0.276119402985075,0.432748538011696,0.891833414170184,0.76956063593251,0.752221293458407,0.577927985766392
"archived",20261014,"Tao","14",1206,174,51,163,818,0.619217081850534,0.570409660418155,0.665529155101781,2000,0,47015,0.279436152570481,0.436811406351264,0.892382867855204,0.748728786821638,0.728816163740853,0.527127618841556
"archived",20261015,"Tao","15",1206,201,50,137,818,0.68251273344652,0.639989847715736,0.7226145943098,2000,0,47016,0.280265339966833,0.437823834196891,0.893426362719167,0.764794903579622,0.768535434788536,0.594170743013308
"archived",20261016,"Tao","16",1206,187,36,150,833,0.667857142857143,0.625692570041638,0.710669232889134,2000,0,47017,0.279436152570481,0.436811406351264,0.900526885502283,0.78582212789176,0.756734607465179,0.593485426238537
"archived",20261017,"Tao","17",1206,164,38,159,845,0.624761904761905,0.57705500100489,0.67031066026628,2000,0,47018,0.267827529021559,0.422498364944408,0.886939051712954,0.790548209401361,0.732352415246363,0.551082041650554
"archived",20261018,"Tao","18",1206,172,37,178,819,0.615384615384615,0.568292499849877,0.661845778595852,2000,0,47019,0.290215588723051,0.44987146529563,0.89458611481976,0.790455549990463,0.724102136181575,0.537435282413285
"archived",20261019,"Tao","19",1206,188,51,148,819,0.653913043478261,0.610892095558762,0.695371436798157,2000,0,47020,0.278606965174129,0.43579766536965,0.892908456486043,0.747484027311295,0.750451559934319,0.563340291520134
"archived",20261020,"Tao","20",1206,168,39,146,853,0.644913627639155,0.597447498631297,0.687502888170055,2000,0,47021,0.260364842454395,0.413157894736842,0.896125503413213,0.764262073369212,0.745654937019794,0.571787723672791
